first_name,last_name,email,phone_number,hire_date,salary
Steven,King,steven.king@sqltutorial.org,515.123.4567,1987-06-17,240000.00
Neena,Kochhar,neena.kochhar@sqltutorial.org,515.123.4568,1989-09-21,170000.00
Lex,De Haan,lex.de haan@sqltutorial.org,515.123.4569,1993-01-13,170000.00
Alexander,Hunold,alexander.hunold@sqltutorial.org,590.423.4567,1990-01-03,90000.00
Bruce,Ernst,bruce.ernst@sqltutorial.org,590.423.4568,1991-05-21,60000.00
David,Austin,david.austin@sqltutorial.org,590.423.4569,1997-06-25,48000.00
Valli,Pataballa,valli.pataballa@sqltutorial.org,590.423.4560,1998-02-05,48000.00
Diana,Lorentz,diana.lorentz@sqltutorial.org,590.423.5567,1999-02-07,42000.00
Nancy,Greenberg,nancy.greenberg@sqltutorial.org,515.124.4569,1994-08-17,120000.00
Daniel,Faviet,daniel.faviet@sqltutorial.org,515.124.4169,1994-08-16,90000.00
John,Chen,john.chen@sqltutorial.org,515.124.4269,1997-09-28,82000.00
Ismael,Sciarra,ismael.sciarra@sqltutorial.org,515.124.4369,1997-09-30,77000.00
Jose Manuel,Urman,jose manuel.urman@sqltutorial.org,515.124.4469,1998-03-07,78000.00
Luis,Popp,luis.popp@sqltutorial.org,515.124.4567,1999-12-07,69000.00
Den,Raphaely,den.raphaely@sqltutorial.org,515.127.4561,1994-12-07,110000.00
Alexander,Khoo,alexander.khoo@sqltutorial.org,515.127.4562,1995-05-18,31000.00
Shelli,Baida,shelli.baida@sqltutorial.org,515.127.4563,1997-12-24,29000.00
Sigal,Tobias,sigal.tobias@sqltutorial.org,515.127.4564,1997-07-24,28000.00
Guy,Himuro,guy.himuro@sqltutorial.org,515.127.4565,1998-11-15,26000.00
Karen,Colmenares,karen.colmenares@sqltutorial.org,515.127.4566,1999-08-10,25000.00
Matthew,Weiss,matthew.weiss@sqltutorial.org,650.123.1234,1996-07-18,80000.00
Adam,Fripp,adam.fripp@sqltutorial.org,650.123.2234,1997-04-10,82000.00
Payam,Kaufling,payam.kaufling@sqltutorial.org,650.123.3234,1995-05-01,79000.00
Shanta,Vollman,shanta.vollman@sqltutorial.org,650.123.4234,1997-10-10,65000.00
Irene,Mikkilineni,irene.mikkilineni@sqltutorial.org,650.124.1224,1998-09-28,27000.00
John,Russell,john.russell@sqltutorial.org,,1996-10-01,140000.00
Karen,Partners,karen.partners@sqltutorial.org,,1997-01-05,135000.00
Jonathon,Taylor,jonathon.taylor@sqltutorial.org,,1998-03-24,86000.00
Jack,Livingston,jack.livingston@sqltutorial.org,,1998-04-23,84000.00
Kimberely,Grant,kimberely.grant@sqltutorial.org,,1999-05-24,70000.00
Charles,Johnson,charles.johnson@sqltutorial.org,,2000-01-04,62000.00
Sarah,Bell,sarah.bell@sqltutorial.org,650.501.1876,1996-02-04,40000.00
Britney,Everett,britney.everett@sqltutorial.org,650.501.2876,1997-03-03,39000.00
Jennifer,Whalen,jennifer.whalen@sqltutorial.org,515.123.4444,1987-09-17,44000.00
Michael,Hartstein,michael.hartstein@sqltutorial.org,515.123.5555,1996-02-17,130000.00
Pat,Fay,pat.fay@sqltutorial.org,603.123.6666,1997-08-17,60000.00
Susan,Mavris,susan.mavris@sqltutorial.org,515.123.7777,1994-06-07,65000.00
Hermann,Baer,hermann.baer@sqltutorial.org,515.123.8888,1994-06-07,100000.00
Shelley,Higgins,shelley.higgins@sqltutorial.org,515.123.8080,1994-06-07,120000.00
William,Gietz,william.gietz@sqltutorial.org,515.123.8181,1994-06-07,83000.00
Tori,Laure,torilaure@abc.com,123.456.7890,2022-07-06,560000.00
Data,Conversion Only,none,,2016-05-31,99999.00
Kayla,Woodcock,kaylaw@wideworldimporters.com,(415) 555-0102,2016-05-31,99999.00
Hudson,Onslow,hudsono@wideworldimporters.com,(415) 555-0102,2016-05-31,99999.00
Isabella,Rupp,isabellar@wideworldimporters.com,(415) 555-0102,2016-05-31,99999.00
Eva,Muirden,evam@wideworldimporters.com,(415) 555-0102,2016-05-31,99999.00
Sophia,Hinton,sophiah@wideworldimporters.com,(415) 555-0102,2016-05-31,99999.00
Amy,Trefl,amyt@wideworldimporters.com,(415) 555-0102,2016-05-31,99999.00
Anthony,Grosse,anthonyg@wideworldimporters.com,(415) 555-0102,2016-05-31,99999.00
Alica,Fatnowna,alicaf@wideworldimporters.com,(415) 555-0102,2016-05-31,99999.00
Stella,Rosenhain,stellar@wideworldimporters.com,(415) 555-0102,2016-05-31,99999.00
Ethan,Onslow,ethano@wideworldimporters.com,(415) 555-0102,2016-05-31,99999.00
Henry,Forlonge,henryf@wideworldimporters.com,(415) 555-0102,2016-05-31,99999.00
Hudson,Hollinworth,hudsonh@wideworldimporters.com,(415) 555-0102,2016-05-31,99999.00
Lily,Code,lilyc@wideworldimporters.com,(415) 555-0102,2016-05-31,99999.00
Taj,Shand,tajs@wideworldimporters.com,(415) 555-0102,2016-05-31,99999.00
Archer,Lamble,archerl@wideworldimporters.com,(415) 555-0102,2016-05-31,99999.00
Piper,Koch,piperk@wideworldimporters.com,(415) 555-0102,2016-05-31,99999.00
Katie,Darwin,katied@wideworldimporters.com,(415) 555-0102,2016-05-31,99999.00
Jai,Shand,jais@wideworldimporters.com,(415) 555-0102,2016-05-31,99999.00
Jack,Potter,jackp@wideworldimporters.com,(415) 555-0102,2016-05-31,99999.00
Reio,Kabin,reio@adatum.com,(847) 555-0100,2016-05-31,99999.00
Oliver,Kivi,olly@adatum.com,(847) 555-0100,2016-05-31,99999.00
Hanna,Mihhailov,hannam@contoso.com,(360) 555-0100,2016-05-31,99999.00
Paulus,Lippmaa,paulusl@contoso.com,(360) 555-0100,2016-05-31,99999.00
Kerstin,Parn,kerstin@consolidatedmessenger.com,(415) 555-0100,2016-05-31,99999.00
Helen,Ahven,helen@consolidatedmessenger.com,(415) 555-0100,2016-05-31,99999.00
Bill,Lawson,billl@fabrikam.com,(203) 555-0107,2016-05-31,99999.00
Helen,Moore,helenm@fabrikam.com,(203) 555-0104,2016-05-31,99999.00
Penny,Buck,pennyb@graphicdesigninstitute.com,(406) 555-0107,2016-05-31,99999.00
Donna,Smith,donnas@graphicdesigninstitute.com,(406) 555-0101,2016-05-31,99999.00
Madelaine, Cartier,madelainec@humongousinsurance.com,(423) 555-0101,2016-05-31,99999.00
Annette,Talon,annettet@humongousinsurance.com,(423) 555-0106,2016-05-31,99999.00
Elias,Myllari,eliasm@litwareinc.com,(209) 555-0101,2016-05-31,99999.00
Vilma,Niva,vilman@litwareinc.com,(209) 555-0103,2016-05-31,99999.00
Prem,Prabhu,premp@lucernepublishing.com,(423) 555-0102,2016-05-31,99999.00
Sunita,Jadhav,sunitaj@lucernepublishing.com,(423) 555-0101,2016-05-31,99999.00
Marcos,Costa,marcosc@nodpublishers.com,(252) 555-0106,2016-05-31,99999.00
Matheus,Oliveira,matheuso@nodpublishers.com,(252) 555-0107,2016-05-31,99999.00
Eliza,Soderberg,elizas@northwindelectriccars.com,(201) 555-0101,2016-05-31,99999.00
Sara,Karlsson,sarak@northwindelectriccars.com,(201) 555-0100,2016-05-31,99999.00
Donald,Jones,donaldj@treyresearch.net,(605) 555-0101,2016-05-31,99999.00
Sharon,Graham,sharong@treyresearch.net,(605) 555-0106,2016-05-31,99999.00
Hai,Dam,haid@thephone-company.com,(218) 555-0101,2016-05-31,99999.00
Thanh,Dinh,thanhd@thephone-company.com,(218) 555-0104,2016-05-31,99999.00
Hubert,Helms,huberth@woodgrovebank.com,(415) 555-0103,2016-05-31,99999.00
Donald,Small,donalds@woodgrovebank.com,(415) 555-0105,2016-05-31,99999.00
Waldemar,Fisar,waldemar@tailspintoys.com,(308) 555-0100,2016-05-31,99999.00
Laimonis,Berzins,laimonis@tailspintoys.com,(308) 555-0100,2013-01-01,99999.00
Lorena,Cindric,lorena@tailspintoys.com,(406) 555-0100,2013-01-01,99999.00
Hung,Van Groesen,hung@tailspintoys.com,(406) 555-0100,2013-01-01,99999.00
Bhaargav,Rambhatla,bhaargav@tailspintoys.com,(480) 555-0100,2013-01-01,99999.00
Mudar,Jevtic,mudar@tailspintoys.com,(480) 555-0100,2013-01-01,99999.00
Daniel,Roman,daniel@tailspintoys.com,(316) 555-0100,2013-01-01,99999.00
Leyla,Radnia,leyla@tailspintoys.com,(316) 555-0100,2013-01-01,99999.00
Johanna,Huiting,johanna@tailspintoys.com,(212) 555-0100,2013-01-01,99999.00
Robert,Ruutli,robert@tailspintoys.com,(212) 555-0100,2013-01-01,99999.00
Biswajeet,Thakur,biswajeet@tailspintoys.com,(701) 555-0100,2013-01-01,99999.00
Radha,Shah,radha@tailspintoys.com,(701) 555-0100,2013-01-01,99999.00
Kalidas,Nadar,kalidas@tailspintoys.com,(423) 555-0100,2013-01-01,99999.00
Filip,Nedvidek,filip@tailspintoys.com,(423) 555-0100,2013-01-01,99999.00
Kanti,Kotadia,kanti@tailspintoys.com,(303) 555-0100,2013-01-01,99999.00
Hoa,Cu,hoa@tailspintoys.com,(303) 555-0100,2013-01-01,99999.00
Sointu,Aalto,sointu@tailspintoys.com,(201) 555-0100,2013-01-01,99999.00
Jae-Gon,Min,jae-gon@tailspintoys.com,(201) 555-0100,2013-01-01,99999.00
Siddhartha,Parkar,siddhartha@tailspintoys.com,(701) 555-0100,2013-01-01,99999.00
Paula,Matos,paula@tailspintoys.com,(701) 555-0100,2013-01-01,99999.00
Elnaz,Javan,elnaz@tailspintoys.com,(215) 555-0100,2013-01-01,99999.00
Jayashish,Ghatak,jayashish@tailspintoys.com,(215) 555-0100,2013-01-01,99999.00
Heloisa,Fernandes,heloisa@tailspintoys.com,(218) 555-0100,2013-01-01,99999.00
Amornrat,Rattanaporn,amornrat@tailspintoys.com,(218) 555-0100,2013-01-01,99999.00
Razeena,Hosseini,razeena@tailspintoys.com,(217) 555-0100,2013-01-01,99999.00
Leticia,Ribeiro,leticia@tailspintoys.com,(217) 555-0100,2013-01-01,99999.00
Tereza,Valentova,tereza@tailspintoys.com,(240) 555-0100,2013-01-01,99999.00
Brijesh,Ganguly,brijesh@tailspintoys.com,(240) 555-0100,2013-01-01,99999.00
Filips,Jaunzems,filips@tailspintoys.com,(210) 555-0100,2013-01-01,99999.00
Bharati,Bhowmick,bharati@tailspintoys.com,(210) 555-0100,2013-01-01,99999.00
Nitin,Matondkar,nitin@tailspintoys.com,(314) 555-0100,2013-01-01,99999.00
Joy,Dutta,joy@tailspintoys.com,(314) 555-0100,2013-01-01,99999.00
Adam,Kubat,adam@tailspintoys.com,(216) 555-0100,2013-01-01,99999.00
Gulzar,Naidu,gulzar@tailspintoys.com,(216) 555-0100,2013-01-01,99999.00
Isabelle,Vodlan,isabelle@tailspintoys.com,(603) 555-0100,2013-01-01,99999.00
Prakash,Sarma,prakash@tailspintoys.com,(603) 555-0100,2013-01-01,99999.00
Mithun,Bhattacharya,mithun@tailspintoys.com,(907) 555-0100,2013-01-01,99999.00
Sandhya,Raju,sandhya@tailspintoys.com,(907) 555-0100,2013-01-01,99999.00
Nghi,Hua,nghi@tailspintoys.com,(206) 555-0100,2013-01-01,99999.00
Ravindra,Parkar,ravindra@tailspintoys.com,(206) 555-0100,2013-01-01,99999.00
Duleep,Raju,duleep@tailspintoys.com,(215) 555-0100,2013-01-01,99999.00
Vlatka,Duvnjak,vlatka@tailspintoys.com,(215) 555-0100,2013-01-01,99999.00
Cristina,Longo,cristina@tailspintoys.com,(239) 555-0100,2013-01-01,99999.00
Antonio,Lucchese,antonio@tailspintoys.com,(239) 555-0100,2013-01-01,99999.00
Hang,Tang,hang@tailspintoys.com,(907) 555-0100,2013-01-01,99999.00
Hong,Ang,hong@tailspintoys.com,(907) 555-0100,2013-01-01,99999.00
Intira,Mookjai,intira@tailspintoys.com,(252) 555-0100,2013-01-01,99999.00
Young-Tae,Kim,young-tae@tailspintoys.com,(252) 555-0100,2016-05-31,99999.00
Sulabha,Khalsa,sulabha@tailspintoys.com,(209) 555-0100,2013-01-01,99999.00
Alessandro,Milano,alessandro@tailspintoys.com,(209) 555-0100,2013-01-01,99999.00
Dhanishta,Majji,dhanishta@tailspintoys.com,(319) 555-0100,2013-01-01,99999.00
Nils,Podnieks,nils@tailspintoys.com,(319) 555-0100,2013-01-01,99999.00
Paula,Gonzales,paula@tailspintoys.com,(218) 555-0100,2013-01-01,99999.00
Chetana,Dewangan,chetana@tailspintoys.com,(218) 555-0100,2013-01-01,99999.00
Tatjana,Utjesenovic,tatjana@tailspintoys.com,(212) 555-0100,2013-01-01,99999.00
Theresa,Boose,theresa@tailspintoys.com,(212) 555-0100,2013-01-01,99999.00
Karel,Hanak,karel@tailspintoys.com,(205) 555-0100,2016-05-31,99999.00
Fernanda,Fierro,fernanda@tailspintoys.com,(205) 555-0100,2013-01-01,99999.00
Odessa,Schneider,odessa@tailspintoys.com,(206) 555-0100,2013-01-01,99999.00
Konrads,Sprogis,konrads@tailspintoys.com,(206) 555-0100,2013-01-01,99999.00
Kimberly,Pace,kimberly@tailspintoys.com,(206) 555-0100,2013-01-01,99999.00
Shobha,Gupta,shobha@tailspintoys.com,(206) 555-0100,2013-01-01,99999.00
Nikolajs,Kalejs,nikolajs@tailspintoys.com,(210) 555-0100,2013-01-01,99999.00
Philippe,Lamy,philippe@tailspintoys.com,(210) 555-0100,2013-01-01,99999.00
Haasini,Rai,haasini@tailspintoys.com,(803) 555-0100,2013-01-01,99999.00
Viktorie,Melicharova,viktorie@tailspintoys.com,(803) 555-0100,2013-01-01,99999.00
Anjali,Asthana,anjali@tailspintoys.com,(210) 555-0100,2013-01-01,99999.00
Hanuman,Negi,hanuman@tailspintoys.com,(210) 555-0100,2013-01-01,99999.00
Shah,Omidi,shah@tailspintoys.com,(304) 555-0100,2013-01-01,99999.00
Chandra,Mittal,chandra@tailspintoys.com,(304) 555-0100,2013-01-01,99999.00
Ferhat,Celik,ferhat@tailspintoys.com,(270) 555-0100,2013-01-01,99999.00
Leyla,Celik,leyla@tailspintoys.com,(270) 555-0100,2013-01-01,99999.00
Dayarama,Kamei,dayarama@tailspintoys.com,(458) 555-0100,2013-01-01,99999.00
Elisabeth,Flamand,elisabeth@tailspintoys.com,(458) 555-0100,2013-01-01,99999.00
Nils,Kalnins,nils@tailspintoys.com,(314) 555-0100,2013-01-01,99999.00
Rajiv,Kotadia,rajiv@tailspintoys.com,(314) 555-0100,2013-01-01,99999.00
Ashish,Acharya,ashish@tailspintoys.com,(270) 555-0100,2016-05-31,99999.00
Filip,Sedlar,filip@tailspintoys.com,(270) 555-0100,2013-01-01,99999.00
Alena,Prikrylova,alena@tailspintoys.com,(210) 555-0100,2013-01-01,99999.00
Catina,Bojin,catina@tailspintoys.com,(210) 555-0100,2013-01-01,99999.00
Lana,Rozej,lana@tailspintoys.com,(314) 555-0100,2013-01-01,99999.00
Kalpana,Mukherjee,kalpana@tailspintoys.com,(314) 555-0100,2016-05-31,99999.00
Chandrakanta,Raut,chandrakanta@tailspintoys.com,(212) 555-0100,2013-01-01,99999.00
Ivan,Castellanos,ivan@tailspintoys.com,(212) 555-0100,2016-05-31,99999.00
Ganapati,Gadiyaram,ganapati@tailspintoys.com,(206) 555-0100,2013-01-01,99999.00
Parsa,Blijleven,parsa@tailspintoys.com,(206) 555-0100,2016-05-31,99999.00
Adrijana,Blagojevic,adrijana@tailspintoys.com,(206) 555-0100,2016-05-31,99999.00
Lina,Martins,lina@tailspintoys.com,(206) 555-0100,2013-01-01,99999.00
Lap,Dinh,lap@tailspintoys.com,(240) 555-0100,2013-01-01,99999.00
August,Astrom,august@tailspintoys.com,(240) 555-0100,2013-01-01,99999.00
Didem,ozCelik,didem@tailspintoys.com,(205) 555-0100,2013-01-01,99999.00
Krista,Andrejev,krista@tailspintoys.com,(205) 555-0100,2013-01-01,99999.00
Serhat,Akbulut,serhat@tailspintoys.com,(209) 555-0100,2013-01-01,99999.00
Nadja,Johansson,nadja@tailspintoys.com,(209) 555-0100,2013-01-01,99999.00
Daniela,Barrios,daniela@tailspintoys.com,(206) 555-0100,2013-01-01,99999.00
Daina,Celma,daina@tailspintoys.com,(206) 555-0100,2013-01-01,99999.00
Julia,Slobodova,julia@tailspintoys.com,(231) 555-0100,2013-01-01,99999.00
Raimonds,Kalnins,raimonds@tailspintoys.com,(231) 555-0100,2016-05-31,99999.00
Marcela,Jankova,marcela@tailspintoys.com,(304) 555-0100,2013-01-01,99999.00
Predrag,Stojanovic,predrag@tailspintoys.com,(304) 555-0100,2013-01-01,99999.00
Dipali,Sonkar,dipali@tailspintoys.com,(201) 555-0100,2013-01-01,99999.00
Mariana,Apodaca,mariana@tailspintoys.com,(201) 555-0100,2013-01-01,99999.00
Bansidhar,Mitra,bansidhar@tailspintoys.com,(209) 555-0100,2013-01-01,99999.00
Liia,Mae,liia@tailspintoys.com,(209) 555-0100,2016-05-31,99999.00
Gunnar,Persson,gunnar@tailspintoys.com,(205) 555-0100,2013-01-01,99999.00
Parvati,Modi,parvati@tailspintoys.com,(205) 555-0100,2013-01-01,99999.00
Vitezslav,Rehak,vitezslav@tailspintoys.com,(215) 555-0100,2016-05-31,99999.00
Parsa,Van Vossen,parsa@tailspintoys.com,(215) 555-0100,2013-01-01,99999.00
Bharat,Sikdar,bharat@tailspintoys.com,(229) 555-0100,2013-01-01,99999.00
Alain,Aupry,alain@tailspintoys.com,(229) 555-0100,2013-01-01,99999.00
Juan,Bezanson,juan@tailspintoys.com,(206) 555-0100,2016-05-31,99999.00
Ruby,Charlton,ruby@tailspintoys.com,(206) 555-0100,2013-01-01,99999.00
Aile,Mae,aile@tailspintoys.com,(216) 555-0100,2013-01-01,99999.00
Margherita,Lucchesi,margherita@tailspintoys.com,(216) 555-0100,2013-01-01,99999.00
Pratap,Varghese,pratap@tailspintoys.com,(276) 555-0100,2016-05-31,99999.00
Marcel,Marquis,marcel@tailspintoys.com,(276) 555-0100,2016-05-31,99999.00
Margita,Kopecka,margita@tailspintoys.com,(339) 555-0100,2013-01-01,99999.00
Mirjam,Johansson,mirjam@tailspintoys.com,(339) 555-0100,2013-01-01,99999.00
Lekha,Mitra,lekha@tailspintoys.com,(304) 555-0100,2013-01-01,99999.00
Seeta,Bose,seeta@tailspintoys.com,(304) 555-0100,2013-01-01,99999.00
Abhoy,Prabhup캐da,abhoy@tailspintoys.com,(423) 555-0100,2016-05-31,99999.00
Seok-Ho,Jeon,seok-ho@tailspintoys.com,(423) 555-0100,2013-01-01,99999.00
Alida,Caune,alida@tailspintoys.com,(212) 555-0100,2013-01-01,99999.00
Indiana,Fritzsche,indiana@tailspintoys.com,(212) 555-0100,2013-01-01,99999.00
Agnes,Szolosy,agnes@tailspintoys.com,(209) 555-0100,2013-01-01,99999.00
Yu-jin,Jee,yu-jin@tailspintoys.com,(209) 555-0100,2013-01-01,99999.00
Rohana,Kaskar,rohana@tailspintoys.com,(207) 555-0100,2013-01-01,99999.00
Grieta,Kalnina,grieta@tailspintoys.com,(207) 555-0100,2013-01-01,99999.00
Hanuman,Dubey,hanuman@tailspintoys.com,(210) 555-0100,2013-01-01,99999.00
Paola,Loggia,paola@tailspintoys.com,(210) 555-0100,2016-05-31,99999.00
Bao,Dao,bao@tailspintoys.com,(339) 555-0100,2013-01-01,99999.00
Viljo,Lampsa,viljo@tailspintoys.com,(339) 555-0100,2013-01-01,99999.00
Preyakshna,Aluri,preyakshna@tailspintoys.com,(701) 555-0100,2013-01-01,99999.00
Chandan,Raut,chandan@tailspintoys.com,(701) 555-0100,2013-01-01,99999.00
Valentina,Conti,valentina@tailspintoys.com,(225) 555-0100,2013-01-01,99999.00
Narayan,Mukherjee,narayan@tailspintoys.com,(225) 555-0100,2013-01-01,99999.00
Theodore,Saucier,theodore@tailspintoys.com,(209) 555-0100,2013-01-01,99999.00
Chaowalit,Pornpipatpong,chaowalit@tailspintoys.com,(209) 555-0100,2016-05-31,99999.00
Mariana,Fierro,mariana@tailspintoys.com,(217) 555-0100,2013-01-01,99999.00
Ivana,Kozakova,ivana@tailspintoys.com,(217) 555-0100,2013-01-01,99999.00
Afshin,Djalili,afshin@tailspintoys.com,(231) 555-0100,2013-01-01,99999.00
Vaclav,Holy,vaclav@tailspintoys.com,(231) 555-0100,2013-01-01,99999.00
Bianh,Phan,bianh@tailspintoys.com,(480) 555-0100,2013-01-01,99999.00
Kanti,Pipalia,kanti@tailspintoys.com,(480) 555-0100,2013-01-01,99999.00
Koknesis,Vitols,koknesis@tailspintoys.com,(218) 555-0100,2013-01-01,99999.00
Malle,Sepp,malle@tailspintoys.com,(218) 555-0100,2013-01-01,99999.00
Roxane,Rastgu,roxane@tailspintoys.com,(787) 555-0100,2013-01-01,99999.00
Hue,Chu,hue@tailspintoys.com,(787) 555-0100,2013-01-01,99999.00
Vlasta,Srbova,vlasta@tailspintoys.com,(203) 555-0100,2013-01-01,99999.00
Gadhar,Ghosh,gadhar@tailspintoys.com,(203) 555-0100,2013-01-01,99999.00
Lata,Babu,lata@tailspintoys.com,(405) 555-0100,2013-01-01,99999.00
Chandra,De,chandra@tailspintoys.com,(405) 555-0100,2013-01-01,99999.00
Airi,Vassiljev,airi@tailspintoys.com,(229) 555-0100,2016-05-31,99999.00
Hoang,La,hoang@tailspintoys.com,(229) 555-0100,2013-01-01,99999.00
Duleep,Walia,duleep@tailspintoys.com,(206) 555-0100,2013-01-01,99999.00
Satish,Gill,satish@tailspintoys.com,(206) 555-0100,2013-01-01,99999.00
Matyas,Macek,matyas@tailspintoys.com,(316) 555-0100,2013-01-01,99999.00
Ethan,Hopkins,ethan@tailspintoys.com,(316) 555-0100,2013-01-01,99999.00
Bharat,Ankitham,bharat@tailspintoys.com,(252) 555-0100,2016-05-31,99999.00
Be,Phan,be@tailspintoys.com,(252) 555-0100,2013-01-01,99999.00
Vera,Kubatova,vera@tailspintoys.com,(212) 555-0100,2013-01-01,99999.00
Diego,Almeida,diego@tailspintoys.com,(212) 555-0100,2013-01-01,99999.00
Rakesh,Nishad,rakesh@tailspintoys.com,(505) 555-0100,2013-01-01,99999.00
Huu,Hoa,huu@tailspintoys.com,(505) 555-0100,2016-05-31,99999.00
Sang,Tran,sang@tailspintoys.com,(201) 555-0100,2013-01-01,99999.00
Bela,Nemeth,bela@tailspintoys.com,(201) 555-0100,2013-01-01,99999.00
Eekalabya,Bose,eekalabya@tailspintoys.com,(787) 555-0100,2013-01-01,99999.00
Margherita,Bucco,margherita@tailspintoys.com,(787) 555-0100,2013-01-01,99999.00
Tommy,Kilpi,tommy@tailspintoys.com,(303) 555-0100,2013-01-01,99999.00
Giri,Bhamidipati,giri@tailspintoys.com,(303) 555-0100,2013-01-01,99999.00
Andrea,Ricci,andrea@tailspintoys.com,(216) 555-0100,2013-01-01,99999.00
Chung-Ho,Han,chung-ho@tailspintoys.com,(216) 555-0100,2013-01-01,99999.00
Isabell, Duperre,isabell @tailspintoys.com,(212) 555-0100,2013-01-01,99999.00
Jasna,Vujica,jasna@tailspintoys.com,(212) 555-0100,2013-01-01,99999.00
Amarendra,Ankitham,amarendra@tailspintoys.com,(339) 555-0100,2013-01-01,99999.00
Isak,Berggren,isak@tailspintoys.com,(339) 555-0100,2013-01-01,99999.00
Aakarsha,Nookala,aakarsha@tailspintoys.com,(201) 555-0100,2016-05-31,99999.00
Ilgonis,Rozitis,ilgonis@tailspintoys.com,(201) 555-0100,2013-01-01,99999.00
Stanislav,Sedlar,stanislav@tailspintoys.com,(701) 555-0100,2013-01-01,99999.00
Telma,Arvidsson,telma@tailspintoys.com,(701) 555-0100,2013-01-01,99999.00
GokCe,Karaca,gokce@tailspintoys.com,(603) 555-0100,2013-01-01,99999.00
Maria,Munteanu,maria@tailspintoys.com,(603) 555-0100,2013-01-01,99999.00
Coralie,Emond,coralie@tailspintoys.com,(803) 555-0100,2013-01-01,99999.00
Cong,Trung,cong@tailspintoys.com,(803) 555-0100,2013-01-01,99999.00
Karina,Celmina,karina@tailspintoys.com,(239) 555-0100,2013-01-01,99999.00
Nik,Stoimenova,nik@tailspintoys.com,(239) 555-0100,2013-01-01,99999.00
Teresa,Pisani,teresa@tailspintoys.com,(303) 555-0100,2013-01-01,99999.00
Murugan,Thakur,murugan@tailspintoys.com,(303) 555-0100,2013-01-01,99999.00
Alba,Ponce,alba@tailspintoys.com,(210) 555-0100,2013-01-01,99999.00
Antra,Dzene,antra@tailspintoys.com,(210) 555-0100,2013-01-01,99999.00
Piper,Leigh,piper@tailspintoys.com,(210) 555-0100,2013-01-01,99999.00
Jautrite,Krievina,jautrite@tailspintoys.com,(210) 555-0100,2013-01-01,99999.00
Karie,Seymour,karie@tailspintoys.com,(802) 555-0100,2013-01-01,99999.00
Lorenzo,Lee,lorenzo@tailspintoys.com,(802) 555-0100,2016-05-31,99999.00
Timea,Peto,timea@tailspintoys.com,(209) 555-0100,2013-01-01,99999.00
Amanat,Shaker Doust,amanat@tailspintoys.com,(209) 555-0100,2013-01-01,99999.00
Victoria,Ene,victoria@tailspintoys.com,(205) 555-0100,2013-01-01,99999.00
Panit,Meesang,panit@tailspintoys.com,(205) 555-0100,2013-01-01,99999.00
Bhavani,Bhowmick,bhavani@tailspintoys.com,(215) 555-0100,2013-01-01,99999.00
Ivica,Debeljak,ivica@tailspintoys.com,(215) 555-0100,2013-01-01,99999.00
Yasmine,Berggren,yasmine@tailspintoys.com,(505) 555-0100,2013-01-01,99999.00
Anima,Bagchi,anima@tailspintoys.com,(505) 555-0100,2013-01-01,99999.00
Tea,Koppel,tea@tailspintoys.com,(209) 555-0100,2013-01-01,99999.00
Bozena,Palatova,bozena@tailspintoys.com,(209) 555-0100,2013-01-01,99999.00
Naseem,Radan,naseem@tailspintoys.com,(316) 555-0100,2013-01-01,99999.00
Geza,Olteanu,geza@tailspintoys.com,(316) 555-0100,2013-01-01,99999.00
Laboni,Deb,laboni@tailspintoys.com,(207) 555-0100,2016-05-31,99999.00
Antonin,Klaus,antonin@tailspintoys.com,(207) 555-0100,2013-01-01,99999.00
Sung-Hwan,Hwang,sung-hwan@tailspintoys.com,(228) 555-0100,2013-01-01,99999.00
Reigo,Rebane,reigo@tailspintoys.com,(228) 555-0100,2013-01-01,99999.00
Shiva,Pipalia,shiva@tailspintoys.com,(480) 555-0100,2013-01-01,99999.00
Aishwarya,Beniwal,aishwarya@tailspintoys.com,(480) 555-0100,2013-01-01,99999.00
Karie,Mercier,karie@tailspintoys.com,(209) 555-0100,2013-01-01,99999.00
Milada,Buresova,milada@tailspintoys.com,(209) 555-0100,2013-01-01,99999.00
Bhanu,Thota,bhanu@tailspintoys.com,(314) 555-0100,2016-05-31,99999.00
Cyrus,Poursokh,cyrus@tailspintoys.com,(314) 555-0100,2013-01-01,99999.00
Ae-Cha,Joo,ae-cha@tailspintoys.com,(209) 555-0100,2013-01-01,99999.00
Jawid,Pourali,jawid@tailspintoys.com,(209) 555-0100,2013-01-01,99999.00
Dinara,Saparkyzy,dinara@tailspintoys.com,(219) 555-0100,2013-01-01,99999.00
Karel,Sedlar,karel@tailspintoys.com,(219) 555-0100,2013-01-01,99999.00
Adam,Dvorak,adam@tailspintoys.com,(239) 555-0100,2013-01-01,99999.00
Dhanishta,Vankayala,dhanishta@tailspintoys.com,(239) 555-0100,2013-01-01,99999.00
Ingrida,Celmina,ingrida@tailspintoys.com,(316) 555-0100,2016-05-31,99999.00
Be,Dang,be@tailspintoys.com,(316) 555-0100,2016-05-31,99999.00
Jae-Hwa,Jang,jae-hwa@tailspintoys.com,(505) 555-0100,2013-01-01,99999.00
Clara,Cunha,clara@tailspintoys.com,(505) 555-0100,2013-01-01,99999.00
Duck-Hwan,Bae,duck-hwan@tailspintoys.com,(803) 555-0100,2013-01-01,99999.00
Surya,Mishra,surya@tailspintoys.com,(803) 555-0100,2016-05-31,99999.00
Jagoda,Vasiljevic,jagoda@tailspintoys.com,(252) 555-0100,2016-05-31,99999.00
Eero,Raud,eero@tailspintoys.com,(252) 555-0100,2013-01-01,99999.00
Toma,Nastase,toma@tailspintoys.com,(787) 555-0100,2016-05-31,99999.00
Arjuna,Haldar,arjuna@tailspintoys.com,(787) 555-0100,2013-01-01,99999.00
Valerio,Cardoso,valerio@tailspintoys.com,(385) 555-0100,2013-01-01,99999.00
Zac,Wintle,zac@tailspintoys.com,(385) 555-0100,2013-01-01,99999.00
Ileana,Aguilar,ileana@tailspintoys.com,(207) 555-0100,2013-01-01,99999.00
Cai,Nguyen,cai@tailspintoys.com,(207) 555-0100,2013-01-01,99999.00
Tjasa,Weitzer,tjasa@tailspintoys.com,(229) 555-0100,2013-01-01,99999.00
Shefali,Bose,shefali@tailspintoys.com,(229) 555-0100,2013-01-01,99999.00
Lucas,Van Veenen,lucas@tailspintoys.com,(216) 555-0100,2013-01-01,99999.00
Farzana,Saidi,farzana@tailspintoys.com,(216) 555-0100,2013-01-01,99999.00
Steven,Frasier,steven@tailspintoys.com,(218) 555-0100,2013-01-01,99999.00
Amaranaath,Muppavarapu,amaranaath@tailspintoys.com,(218) 555-0100,2013-01-01,99999.00
Mauri,Enestam,mauri@tailspintoys.com,(303) 555-0100,2013-01-01,99999.00
Lakshmi,Nair,lakshmi@tailspintoys.com,(303) 555-0100,2013-01-01,99999.00
Ella,Zvirbule,ella@tailspintoys.com,(212) 555-0100,2013-01-01,99999.00
Vicente,Ch치vez,vicente@tailspintoys.com,(212) 555-0100,2013-01-01,99999.00
Sevim,Ayd캼n,sevim@tailspintoys.com,(216) 555-0100,2013-01-01,99999.00
Tamer,Ayhan,tamer@tailspintoys.com,(216) 555-0100,2013-01-01,99999.00
Blanka,Stavinohova,blanka@tailspintoys.com,(304) 555-0100,2013-01-01,99999.00
Josefa,Diaz,josefa@tailspintoys.com,(304) 555-0100,2013-01-01,99999.00
Akanksha,Iyengar,akanksha@tailspintoys.com,(201) 555-0100,2013-01-01,99999.00
Markus,Kantee,markus@tailspintoys.com,(201) 555-0100,2016-05-31,99999.00
Kertu,Smirnov,kertu@tailspintoys.com,(206) 555-0100,2013-01-01,99999.00
Lovro,Kulaga,lovro@tailspintoys.com,(206) 555-0100,2016-05-31,99999.00
Jure,Grabensek,jure@tailspintoys.com,(303) 555-0100,2013-01-01,99999.00
Chompunut,Jetjirawat,chompunut@tailspintoys.com,(303) 555-0100,2016-05-31,99999.00
Javiera,Madera,javiera@tailspintoys.com,(231) 555-0100,2013-01-01,99999.00
Geetanjali,Bagchi,geetanjali@tailspintoys.com,(231) 555-0100,2013-01-01,99999.00
Aija,Mottola,aija@tailspintoys.com,(201) 555-0100,2013-01-01,99999.00
Elli,Berg,elli@tailspintoys.com,(201) 555-0100,2013-01-01,99999.00
Darshan,Gupta,darshan@tailspintoys.com,(907) 555-0100,2013-01-01,99999.00
Prem,Reddy,prem@tailspintoys.com,(907) 555-0100,2016-05-31,99999.00
Akanksha,Sarma,akanksha@tailspintoys.com,(208) 555-0100,2016-05-31,99999.00
Edward,Alfred,edward@tailspintoys.com,(208) 555-0100,2013-01-01,99999.00
Aino,Kallas,aino@tailspintoys.com,(212) 555-0100,2013-01-01,99999.00
Dhaaruni,Vinjamuri,dhaaruni@tailspintoys.com,(212) 555-0100,2013-01-01,99999.00
An,Dung Phung,an dung@tailspintoys.com,(239) 555-0100,2013-01-01,99999.00
Ioana,Ibanescu,ioana@tailspintoys.com,(239) 555-0100,2013-01-01,99999.00
Gaurav,Sikdar,gaurav@tailspintoys.com,(314) 555-0100,2016-05-31,99999.00
Christian,Berggren,christian@tailspintoys.com,(314) 555-0100,2013-01-01,99999.00
Anirban,Sen,anirban@tailspintoys.com,(702) 555-0100,2013-01-01,99999.00
Joel,Koivisto,joel@tailspintoys.com,(702) 555-0100,2013-01-01,99999.00
Chandrakanta,Benjaree,chandrakanta@tailspintoys.com,(385) 555-0100,2013-01-01,99999.00
Joy,Das,joy@tailspintoys.com,(385) 555-0100,2013-01-01,99999.00
Badari,Chadalavada,badari@tailspintoys.com,(252) 555-0100,2013-01-01,99999.00
Zala,Ude,zala@tailspintoys.com,(252) 555-0100,2013-01-01,99999.00
Gabriele,Udinesi,gabriele@tailspintoys.com,(803) 555-0100,2013-01-01,99999.00
Murugan,Dewangan,murugan@tailspintoys.com,(803) 555-0100,2013-01-01,99999.00
Malay,Prabhup캐da,malay@tailspintoys.com,(316) 555-0100,2013-01-01,99999.00
Nghi,Ly,nghi@tailspintoys.com,(316) 555-0100,2013-01-01,99999.00
Hedi,Koppel,hedi@tailspintoys.com,(314) 555-0100,2013-01-01,99999.00
Teodors,Klavins,teodors@tailspintoys.com,(314) 555-0100,2013-01-01,99999.00
Denisa,Ioveanu,denisa@tailspintoys.com,(907) 555-0100,2013-01-01,99999.00
Cosmin,Nutiu,cosmin@tailspintoys.com,(907) 555-0100,2013-01-01,99999.00
Vaclav,Polaskova,vaclav@tailspintoys.com,(216) 555-0100,2013-01-01,99999.00
Georg,Valbe,georg@tailspintoys.com,(216) 555-0100,2016-05-31,99999.00
Pramod,Nishad,pramod@tailspintoys.com,(225) 555-0100,2016-05-31,99999.00
Avani,Aggarwal,avani@tailspintoys.com,(225) 555-0100,2016-05-31,99999.00
Prasong,Tuntayakul,prasong@tailspintoys.com,(201) 555-0100,2016-05-31,99999.00
Mariela,Pasek,mariela@tailspintoys.com,(201) 555-0100,2013-01-01,99999.00
Aija,Zvaigzne,aija@tailspintoys.com,(205) 555-0100,2013-01-01,99999.00
Dharanikumaar,Sonti,dharanikumaar@tailspintoys.com,(205) 555-0100,2013-01-01,99999.00
Gilbert,Pelland,gilbert@tailspintoys.com,(406) 555-0100,2013-01-01,99999.00
Ngoc,Cao,ngoc@tailspintoys.com,(406) 555-0100,2013-01-01,99999.00
Marcella,Napolitani,marcella@tailspintoys.com,(262) 555-0100,2013-01-01,99999.00
Pavol,Oravec,pavol@tailspintoys.com,(262) 555-0100,2013-01-01,99999.00
Femke,Hollenberg,femke@tailspintoys.com,(218) 555-0100,2013-01-01,99999.00
Roman,Kubat,roman@tailspintoys.com,(218) 555-0100,2013-01-01,99999.00
Brita,Jarvi,brita@tailspintoys.com,(212) 555-0100,2013-01-01,99999.00
Lucie,Hrdlickova,lucie@tailspintoys.com,(212) 555-0100,2013-01-01,99999.00
Donato,Araujo,donato@tailspintoys.com,(480) 555-0100,2013-01-01,99999.00
Alaine,Berthelette,alaine@tailspintoys.com,(480) 555-0100,2013-01-01,99999.00
Aleksander,Jarvi,aleksander@tailspintoys.com,(406) 555-0100,2013-01-01,99999.00
Kurt,Konecny,kurt@tailspintoys.com,(406) 555-0100,2013-01-01,99999.00
Malati,Shenoy,malati@tailspintoys.com,(218) 555-0100,2013-01-01,99999.00
Duong,Duong,duong@tailspintoys.com,(218) 555-0100,2013-01-01,99999.00
Gui-Hyun,Ji,gui-hyun@tailspintoys.com,(218) 555-0100,2013-01-01,99999.00
Karl,Kangur,karl@tailspintoys.com,(218) 555-0100,2013-01-01,99999.00
Michal,Polaskova,michal@tailspintoys.com,(262) 555-0100,2013-01-01,99999.00
Debendra,Chakraborty,debendra@tailspintoys.com,(262) 555-0100,2013-01-01,99999.00
Dilara,Ayhan,dilara@tailspintoys.com,(210) 555-0100,2013-01-01,99999.00
Virgiliu,Vladu,virgiliu@tailspintoys.com,(210) 555-0100,2013-01-01,99999.00
Peter,Macias,peter@tailspintoys.com,(205) 555-0100,2013-01-01,99999.00
Nasrin,Fard,nasrin@tailspintoys.com,(205) 555-0100,2016-05-31,99999.00
Kurt,Lukes,kurt@tailspintoys.com,(225) 555-0100,2013-01-01,99999.00
Daman,Devulapalli,daman@tailspintoys.com,(225) 555-0100,2013-01-01,99999.00
Beatrise,Bite,beatrise@tailspintoys.com,(218) 555-0100,2013-01-01,99999.00
Hele,Semjonov,hele@tailspintoys.com,(218) 555-0100,2016-05-31,99999.00
Bishwanath,Ghosh,bishwanath@tailspintoys.com,(701) 555-0100,2013-01-01,99999.00
Gasper,Jovicevic,gasper@tailspintoys.com,(701) 555-0100,2013-01-01,99999.00
Gianguido,Lucchesi,gianguido@tailspintoys.com,(303) 555-0100,2013-01-01,99999.00
Harihar,Chatterjee,harihar@tailspintoys.com,(303) 555-0100,2013-01-01,99999.00
Nu,Bach,nu@tailspintoys.com,(212) 555-0100,2013-01-01,99999.00
Gautama,Reddy,gautama@tailspintoys.com,(212) 555-0100,2013-01-01,99999.00
Ivonna,Ene,ivonna@tailspintoys.com,(702) 555-0100,2013-01-01,99999.00
Girish,Banerjee,girish@tailspintoys.com,(702) 555-0100,2013-01-01,99999.00
Ceyhun,sahin,ceyhun@tailspintoys.com,(215) 555-0100,2013-01-01,99999.00
Dhir,Bhattacharya,dhir@tailspintoys.com,(215) 555-0100,2013-01-01,99999.00
Tian,Peng,tian@tailspintoys.com,(203) 555-0100,2013-01-01,99999.00
Mariano,Costa,mariano@tailspintoys.com,(203) 555-0100,2016-05-31,99999.00
Vlastimil,Bohuslav,vlastimil@tailspintoys.com,(210) 555-0100,2013-01-01,99999.00
Beau, Boule,beau @tailspintoys.com,(210) 555-0100,2013-01-01,99999.00
Nejc,Vosnik,nejc@tailspintoys.com,(210) 555-0100,2013-01-01,99999.00
Amalendu,Veturi,amalendu@tailspintoys.com,(210) 555-0100,2016-05-31,99999.00
Anindo,Mazumdar,anindo@tailspintoys.com,(210) 555-0100,2013-01-01,99999.00
Tarja,Saikkonen,tarja@tailspintoys.com,(210) 555-0100,2013-01-01,99999.00
Nils,Balodis,nils@tailspintoys.com,(307) 555-0100,2013-01-01,99999.00
Bernadette,   Potvin,bernadette   @tailspintoys.com,(307) 555-0100,2013-01-01,99999.00
Daniella,Barbosa,daniella@tailspintoys.com,(212) 555-0100,2016-05-31,99999.00
Nancy,Hansson,nancy@tailspintoys.com,(212) 555-0100,2013-01-01,99999.00
Raymond,Levesque,raymond@tailspintoys.com,(201) 555-0100,2013-01-01,99999.00
Linda,Fisher,linda@tailspintoys.com,(201) 555-0100,2013-01-01,99999.00
Raymond,Desforges,raymond@tailspintoys.com,(505) 555-0100,2013-01-01,99999.00
Stern,Neumann,stern@tailspintoys.com,(505) 555-0100,2013-01-01,99999.00
Raju,Atluri,raju@tailspintoys.com,(212) 555-0100,2013-01-01,99999.00
Cezar,Preda,cezar@tailspintoys.com,(212) 555-0100,2016-05-31,99999.00
Matyas,Bohuslav,matyas@tailspintoys.com,(239) 555-0100,2013-01-01,99999.00
Ambaajeeraav,Ghattamaneni,ambaajeeraav@tailspintoys.com,(239) 555-0100,2013-01-01,99999.00
Julio,Correa,julio@tailspintoys.com,(505) 555-0100,2013-01-01,99999.00
Hamsapriya,Nandamuri,hamsapriya@tailspintoys.com,(505) 555-0100,2016-05-31,99999.00
Banshari,De,banshari@tailspintoys.com,(206) 555-0100,2013-01-01,99999.00
Sudhir,Yadav,sudhir@tailspintoys.com,(206) 555-0100,2016-05-31,99999.00
Ngai,Lam,ngai@tailspintoys.com,(215) 555-0100,2013-01-01,99999.00
Camille,Hetu,camille@tailspintoys.com,(215) 555-0100,2013-01-01,99999.00
Hyun-Doo,Song,hyun-doo@tailspintoys.com,(262) 555-0100,2013-01-01,99999.00
Bahad캼r,Korkmaz,bahad蛋r@tailspintoys.com,(262) 555-0100,2013-01-01,99999.00
Gabriela,Srbova,gabriela@tailspintoys.com,(319) 555-0100,2013-01-01,99999.00
Priya,kaushal,priya@tailspintoys.com,(319) 555-0100,2016-05-31,99999.00
Serkan,senturk,serkan@tailspintoys.com,(702) 555-0100,2013-01-01,99999.00
Fatemeh,Javan,fatemeh@tailspintoys.com,(702) 555-0100,2013-01-01,99999.00
Aahlada,Thota,aahlada@tailspintoys.com,(215) 555-0100,2013-01-01,99999.00
Marten,Keskkula,marten@tailspintoys.com,(215) 555-0100,2013-01-01,99999.00
Ayberk,sahin,ayberk@tailspintoys.com,(308) 555-0100,2013-01-01,99999.00
Magda,Ciora,magda@tailspintoys.com,(308) 555-0100,2016-05-31,99999.00
Kaan,Tekin,kaan@tailspintoys.com,(239) 555-0100,2013-01-01,99999.00
Harshini,Kommineni,harshini@tailspintoys.com,(239) 555-0100,2013-01-01,99999.00
Lata,Khandke,lata@tailspintoys.com,(216) 555-0100,2013-01-01,99999.00
Emil,Nutiu,emil@tailspintoys.com,(216) 555-0100,2013-01-01,99999.00
Truman,Eder,truman@tailspintoys.com,(225) 555-0100,2013-01-01,99999.00
Lale,Javan,lale@tailspintoys.com,(225) 555-0100,2013-01-01,99999.00
Lorraine,Paulet,lorraine@tailspintoys.com,(458) 555-0100,2013-01-01,99999.00
Yusuf,Johansson,yusuf@tailspintoys.com,(458) 555-0100,2013-01-01,99999.00
Biplab,De,biplab@tailspintoys.com,(231) 555-0100,2013-01-01,99999.00
Dhanishta,Kidambi,dhanishta@tailspintoys.com,(231) 555-0100,2016-05-31,99999.00
Rachelle,Brasseur,rachelle@tailspintoys.com,(210) 555-0100,2013-01-01,99999.00
Bholanath,Das,bholanath@tailspintoys.com,(210) 555-0100,2016-05-31,99999.00
Sara,Charlton,sara@tailspintoys.com,(215) 555-0100,2013-01-01,99999.00
Libor,safranek,libor@tailspintoys.com,(215) 555-0100,2013-01-01,99999.00
Ramesh,Mukherjee,ramesh@tailspintoys.com,(217) 555-0100,2013-01-01,99999.00
Byung-Hyun,Gwak,byung-hyun@tailspintoys.com,(217) 555-0100,2016-05-31,99999.00
Ester,Ahmadian,ester@tailspintoys.com,(229) 555-0100,2013-01-01,99999.00
Kanika,Mazumdar,kanika@tailspintoys.com,(229) 555-0100,2013-01-01,99999.00
Daniel,Magnusson,daniel@tailspintoys.com,(505) 555-0100,2013-01-01,99999.00
Cemal,Dogan,cemal@tailspintoys.com,(505) 555-0100,2013-01-01,99999.00
Jack,Carpenter,jack@tailspintoys.com,(270) 555-0100,2013-01-01,99999.00
Am,Lieu,am@tailspintoys.com,(270) 555-0100,2013-01-01,99999.00
Thomas,Fischer,thomas@tailspintoys.com,(239) 555-0100,2013-01-01,99999.00
Neil,Logan,neil@tailspintoys.com,(239) 555-0100,2013-01-01,99999.00
Viollette,Monty,viollette@tailspintoys.com,(803) 555-0100,2013-01-01,99999.00
Gita,Dutta,gita@tailspintoys.com,(803) 555-0100,2016-05-31,99999.00
Alinne,Cardoso,alinne@tailspintoys.com,(308) 555-0100,2013-01-01,99999.00
Uma,Pandit,uma@tailspintoys.com,(308) 555-0100,2013-01-01,99999.00
Mani,Poddar,mani@tailspintoys.com,(209) 555-0100,2013-01-01,99999.00
Rama,Mukaddam,rama@tailspintoys.com,(209) 555-0100,2013-01-01,99999.00
Deakshitulu,Mokkapati,deakshitulu@tailspintoys.com,(314) 555-0100,2013-01-01,99999.00
Tereza,Pin캞akova,tereza@tailspintoys.com,(314) 555-0100,2013-01-01,99999.00
Cezar,Pavel,cezar@tailspintoys.com,(303) 555-0100,2016-05-31,99999.00
Bahaar,Yekta,bahaar@tailspintoys.com,(303) 555-0100,2013-01-01,99999.00
Fanni,Benko,fanni@tailspintoys.com,(385) 555-0100,2013-01-01,99999.00
Amar,Dutta,amar@tailspintoys.com,(385) 555-0100,2013-01-01,99999.00
Brenda,Morgan,brenda@tailspintoys.com,(206) 555-0100,2013-01-01,99999.00
Kamal,Nakhtare,kamal@tailspintoys.com,(206) 555-0100,2013-01-01,99999.00
Olga,Alexandrova,olga@wingtiptoys.com,(303) 555-0100,2013-01-01,99999.00
Bibi,Javan,bibi@wingtiptoys.com,(303) 555-0100,2013-01-01,99999.00
Maris,Baltins,maris@wingtiptoys.com,(215) 555-0100,2013-01-01,99999.00
Taneli,Hahl,taneli@wingtiptoys.com,(215) 555-0100,2013-01-01,99999.00
Parsa,Reuser,parsa@wingtiptoys.com,(480) 555-0100,2013-01-01,99999.00
Da-eun,Kwak,da-eun@wingtiptoys.com,(480) 555-0100,2013-01-01,99999.00
Duleep,Srivastava,duleep@wingtiptoys.com,(215) 555-0100,2013-01-01,99999.00
Kurt,Balog,kurt@wingtiptoys.com,(215) 555-0100,2013-01-01,99999.00
Miran,Nikolic,miran@wingtiptoys.com,(217) 555-0100,2013-01-01,99999.00
Indra,Mudaliyar,indra@wingtiptoys.com,(217) 555-0100,2013-01-01,99999.00
Calin,Bojin,calin@wingtiptoys.com,(205) 555-0100,2013-01-01,99999.00
Maxime,Westerink,maxime@wingtiptoys.com,(205) 555-0100,2016-05-31,99999.00
Lang,Le,lang@wingtiptoys.com,(225) 555-0100,2013-01-01,99999.00
Bozena,Divisova,bozena@wingtiptoys.com,(225) 555-0100,2013-01-01,99999.00
Bhaagyalakshmi,Muppavarapu,bhaagyalakshmi@wingtiptoys.com,(210) 555-0100,2013-01-01,99999.00
Durjoy,Bose,durjoy@wingtiptoys.com,(210) 555-0100,2013-01-01,99999.00
Dimitry,Nechita,dimitry@wingtiptoys.com,(209) 555-0100,2013-01-01,99999.00
Meredith,Padilla,meredith@wingtiptoys.com,(209) 555-0100,2013-01-01,99999.00
Miroslav,Kohout,miroslav@wingtiptoys.com,(210) 555-0100,2013-01-01,99999.00
Teresa,Torres,teresa@wingtiptoys.com,(210) 555-0100,2013-01-01,99999.00
Fransje,Mutlu,fransje@wingtiptoys.com,(262) 555-0100,2013-01-01,99999.00
Karel,Hybl,karel@wingtiptoys.com,(262) 555-0100,2013-01-01,99999.00
Chati,Ornlamai,chati@wingtiptoys.com,(406) 555-0100,2013-01-01,99999.00
Tajana,Lovric,tajana@wingtiptoys.com,(406) 555-0100,2016-05-31,99999.00
Raine,Knihtila,raine@wingtiptoys.com,(210) 555-0100,2016-05-31,99999.00
Dhir,Mazumdar,dhir@wingtiptoys.com,(210) 555-0100,2013-01-01,99999.00
Lan,Chu,lan@wingtiptoys.com,(215) 555-0100,2013-01-01,99999.00
Tereza,Prikrylova,tereza@wingtiptoys.com,(215) 555-0100,2013-01-01,99999.00
Maurice,English,maurice@wingtiptoys.com,(229) 555-0100,2016-05-31,99999.00
Daniella,Ribeiro,daniella@wingtiptoys.com,(229) 555-0100,2013-01-01,99999.00
Irene,Sepp,irene@wingtiptoys.com,(262) 555-0100,2013-01-01,99999.00
Hubert,Fields,hubert@wingtiptoys.com,(262) 555-0100,2013-01-01,99999.00
Chandranath,Bose,chandranath@wingtiptoys.com,(262) 555-0100,2013-01-01,99999.00
Gaurav,Acharya,gaurav@wingtiptoys.com,(262) 555-0100,2013-01-01,99999.00
Ana,Julijana Isa,ana julijana@wingtiptoys.com,(406) 555-0100,2013-01-01,99999.00
Libor,Klaus,libor@wingtiptoys.com,(406) 555-0100,2013-01-01,99999.00
Gireesh,Bhogireddy,gireesh@wingtiptoys.com,(239) 555-0100,2013-01-01,99999.00
Stanislav,Zeman,stanislav@wingtiptoys.com,(239) 555-0100,2016-05-31,99999.00
Premwadee,Atitarn,premwadee@wingtiptoys.com,(209) 555-0100,2013-01-01,99999.00
Deeptendu,Das,deeptendu@wingtiptoys.com,(209) 555-0100,2013-01-01,99999.00
Nishant,Patil,nishant@wingtiptoys.com,(205) 555-0100,2016-05-31,99999.00
Bhaagyalakshmi,Rajanala,bhaagyalakshmi@wingtiptoys.com,(205) 555-0100,2013-01-01,99999.00
Rohan,Das,rohan@wingtiptoys.com,(206) 555-0100,2013-01-01,99999.00
Bhaanusree,Ankitham,bhaanusree@wingtiptoys.com,(206) 555-0100,2013-01-01,99999.00
Aamdaal,Kamasamudram,aamdaal@wingtiptoys.com,(316) 555-0100,2013-01-01,99999.00
Karita,Rosberg,karita@wingtiptoys.com,(316) 555-0100,2013-01-01,99999.00
Baebeesarasvati,Kamasamudram,baebeesarasvati@wingtiptoys.com,(308) 555-0100,2013-01-01,99999.00
Hana,Palatova,hana@wingtiptoys.com,(308) 555-0100,2013-01-01,99999.00
Marcello,Dellucci,marcello@wingtiptoys.com,(405) 555-0100,2013-01-01,99999.00
Shobha,Raju,shobha@wingtiptoys.com,(405) 555-0100,2013-01-01,99999.00
Mee-Kyong,Sin,mee-kyong@wingtiptoys.com,(480) 555-0100,2013-01-01,99999.00
V캩ra,Kopecka,v尼ra@wingtiptoys.com,(480) 555-0100,2013-01-01,99999.00
Ivica,Lu캜ic,ivica@wingtiptoys.com,(212) 555-0100,2013-01-01,99999.00
David,Svoboda,david@wingtiptoys.com,(212) 555-0100,2013-01-01,99999.00
Vinicius,Correa,vinicius@wingtiptoys.com,(231) 555-0100,2013-01-01,99999.00
Surat,Pornpipatpong,surat@wingtiptoys.com,(231) 555-0100,2013-01-01,99999.00
Fabio,Pena,fabio@wingtiptoys.com,(314) 555-0100,2013-01-01,99999.00
Kauan,Gomes,kauan@wingtiptoys.com,(314) 555-0100,2013-01-01,99999.00
Lakshmi,Roy,lakshmi@wingtiptoys.com,(208) 555-0100,2013-01-01,99999.00
Kersti,Mihhailov,kersti@wingtiptoys.com,(208) 555-0100,2013-01-01,99999.00
Selma,Seppanen,selma@wingtiptoys.com,(787) 555-0100,2013-01-01,99999.00
Danielle, Brasseur,danielle @wingtiptoys.com,(787) 555-0100,2013-01-01,99999.00
Bay,Ly,bay@wingtiptoys.com,(239) 555-0100,2013-01-01,99999.00
Sanjiv,Raina,sanjiv@wingtiptoys.com,(239) 555-0100,2013-01-01,99999.00
Adirake,Saenamuang,adirake@wingtiptoys.com,(405) 555-0100,2013-01-01,99999.00
Leena,De,leena@wingtiptoys.com,(405) 555-0100,2013-01-01,99999.00
Tarja,Penttila,tarja@wingtiptoys.com,(212) 555-0100,2013-01-01,99999.00
Gunnar,Larsson,gunnar@wingtiptoys.com,(212) 555-0100,2013-01-01,99999.00
Devendranath,Huq,devendranath@wingtiptoys.com,(217) 555-0100,2013-01-01,99999.00
Vicente,Cabrera,vicente@wingtiptoys.com,(217) 555-0100,2016-05-31,99999.00
Enes,Olsson,enes@wingtiptoys.com,(276) 555-0100,2016-05-31,99999.00
Milada,Kubatova,milada@wingtiptoys.com,(276) 555-0100,2013-01-01,99999.00
Vanja,Grgic,vanja@wingtiptoys.com,(215) 555-0100,2013-01-01,99999.00
Daniela,Omelkova,daniela@wingtiptoys.com,(215) 555-0100,2013-01-01,99999.00
Dayaram,Mishra,dayaram@wingtiptoys.com,(216) 555-0100,2013-01-01,99999.00
Gal,Kokeza,gal@wingtiptoys.com,(216) 555-0100,2013-01-01,99999.00
Mina,Omidzadeh,mina@wingtiptoys.com,(262) 555-0100,2013-01-01,99999.00
Adrian,Bengtsson,adrian@wingtiptoys.com,(262) 555-0100,2013-01-01,99999.00
Kadir,Usenuly,kadir@wingtiptoys.com,(405) 555-0100,2013-01-01,99999.00
Rajiv,Shasthri,rajiv@wingtiptoys.com,(405) 555-0100,2013-01-01,99999.00
Kajsa,Jakobsson,kajsa@wingtiptoys.com,(319) 555-0100,2013-01-01,99999.00
Elnaz,Rahimi,elnaz@wingtiptoys.com,(319) 555-0100,2013-01-01,99999.00
Rahul,Ghate,rahul@wingtiptoys.com,(215) 555-0100,2013-01-01,99999.00
Chuan,Wongsawat,chuan@wingtiptoys.com,(215) 555-0100,2013-01-01,99999.00
Lien,Banh,lien@wingtiptoys.com,(231) 555-0100,2013-01-01,99999.00
Anshula,Mitra,anshula@wingtiptoys.com,(231) 555-0100,2013-01-01,99999.00
Divyendu,Chakraborty,divyendu@wingtiptoys.com,(605) 555-0100,2013-01-01,99999.00
Rita,Kauppi,rita@wingtiptoys.com,(605) 555-0100,2013-01-01,99999.00
An,Dung Ngo,an dung@wingtiptoys.com,(303) 555-0100,2013-01-01,99999.00
Pranav,Yadav,pranav@wingtiptoys.com,(303) 555-0100,2013-01-01,99999.00
Chetana,Kamath,chetana@wingtiptoys.com,(225) 555-0100,2013-01-01,99999.00
Isabelina,Flores,isabelina@wingtiptoys.com,(225) 555-0100,2013-01-01,99999.00
Premwadee,Saowaluk,premwadee@wingtiptoys.com,(319) 555-0100,2013-01-01,99999.00
Adam,Balaz,adam@wingtiptoys.com,(319) 555-0100,2013-01-01,99999.00
Jae-Hwa,Min,jae-hwa@wingtiptoys.com,(702) 555-0100,2013-01-01,99999.00
Rafael,Pena,rafael@wingtiptoys.com,(702) 555-0100,2013-01-01,99999.00
Catalina,Nechita,catalina@wingtiptoys.com,(304) 555-0100,2013-01-01,99999.00
Robert,Cosic,robert@wingtiptoys.com,(304) 555-0100,2013-01-01,99999.00
Constanza,Laureano,constanza@wingtiptoys.com,(219) 555-0100,2013-01-01,99999.00
Sunil,Nakhtare,sunil@wingtiptoys.com,(219) 555-0100,2013-01-01,99999.00
Aakriti,Bhamidipati,aakriti@wingtiptoys.com,(307) 555-0100,2013-01-01,99999.00
Sakchai,Supitayaporn,sakchai@wingtiptoys.com,(307) 555-0100,2016-05-31,99999.00
Himadri,Prabhup캐da,himadri@wingtiptoys.com,(209) 555-0100,2013-01-01,99999.00
Lukas,Kohout,lukas@wingtiptoys.com,(209) 555-0100,2013-01-01,99999.00
Bryan,Helms,bryan@wingtiptoys.com,(276) 555-0100,2016-05-31,99999.00
Julianna,Makay,julianna@wingtiptoys.com,(276) 555-0100,2013-01-01,99999.00
Harri,Kask,harri@wingtiptoys.com,(787) 555-0100,2013-01-01,99999.00
Rakhshinda,Mansouri,rakhshinda@wingtiptoys.com,(787) 555-0100,2013-01-01,99999.00
Ilse,Sandell,ilse@wingtiptoys.com,(209) 555-0100,2016-05-31,99999.00
Tibor,Harsanyi,tibor@wingtiptoys.com,(209) 555-0100,2013-01-01,99999.00
Subhash,Matondkar,subhash@wingtiptoys.com,(212) 555-0100,2013-01-01,99999.00
Gurudas,De,gurudas@wingtiptoys.com,(212) 555-0100,2013-01-01,99999.00
Eesvaraavu,Ankitham,eesvaraavu@wingtiptoys.com,(505) 555-0100,2013-01-01,99999.00
Angelina,Karlsson,angelina@wingtiptoys.com,(505) 555-0100,2013-01-01,99999.00
Miguel,Paez,miguel@wingtiptoys.com,(205) 555-0100,2013-01-01,99999.00
Anukul,Dey,anukul@wingtiptoys.com,(205) 555-0100,2013-01-01,99999.00
Tobias,Gruber,tobias@wingtiptoys.com,(216) 555-0100,2013-01-01,99999.00
Jitka,Stastna,jitka@wingtiptoys.com,(216) 555-0100,2013-01-01,99999.00
Daniela,Dumina,daniela@wingtiptoys.com,(505) 555-0100,2013-01-01,99999.00
Fahmidah,Fallahi,fahmidah@wingtiptoys.com,(505) 555-0100,2013-01-01,99999.00
Ganesh,Mukherjee,ganesh@wingtiptoys.com,(210) 555-0100,2013-01-01,99999.00
Hector,Parra,hector@wingtiptoys.com,(210) 555-0100,2016-05-31,99999.00
Avanti,Nishad,avanti@wingtiptoys.com,(505) 555-0100,2013-01-01,99999.00
Gino,Sal,gino@wingtiptoys.com,(505) 555-0100,2013-01-01,99999.00
Daedeepya,Thota,daedeepya@wingtiptoys.com,(405) 555-0100,2013-01-01,99999.00
Lekha,Sen,lekha@wingtiptoys.com,(405) 555-0100,2013-01-01,99999.00
Gabriela,Chirila,gabriela@wingtiptoys.com,(701) 555-0100,2013-01-01,99999.00
Elina,Bite,elina@wingtiptoys.com,(701) 555-0100,2013-01-01,99999.00
Nagur,Atluri,nagur@wingtiptoys.com,(405) 555-0100,2013-01-01,99999.00
Hanita,Kamasamudram,hanita@wingtiptoys.com,(405) 555-0100,2013-01-01,99999.00
Sintja,Buecek,sintja@wingtiptoys.com,(210) 555-0100,2013-01-01,99999.00
Esha,Singh,esha@wingtiptoys.com,(210) 555-0100,2013-01-01,99999.00
Pongrit,Srisati,pongrit@wingtiptoys.com,(215) 555-0100,2013-01-01,99999.00
Hanna,Piip,hanna@wingtiptoys.com,(215) 555-0100,2013-01-01,99999.00
Linda,Green,linda@wingtiptoys.com,(218) 555-0100,2013-01-01,99999.00
Baalamurali,Kommineni,baalamurali@wingtiptoys.com,(218) 555-0100,2013-01-01,99999.00
Sarmis,Skujins,sarmis@wingtiptoys.com,(270) 555-0100,2016-05-31,99999.00
Amporn,Jetjirawat,amporn@wingtiptoys.com,(270) 555-0100,2013-01-01,99999.00
Libuse,Srbova,libuse@wingtiptoys.com,(210) 555-0100,2013-01-01,99999.00
Jimme,Harmsen,jimme@wingtiptoys.com,(210) 555-0100,2013-01-01,99999.00
Viktorie,Stejskalova,viktorie@wingtiptoys.com,(209) 555-0100,2013-01-01,99999.00
Bishnu,Bandopadhyay,bishnu@wingtiptoys.com,(209) 555-0100,2013-01-01,99999.00
Slavko,Pavlovic,slavko@wingtiptoys.com,(209) 555-0100,2013-01-01,99999.00
Malorie,Dupuy,malorie@wingtiptoys.com,(209) 555-0100,2013-01-01,99999.00
Doru,Munteanu,doru@wingtiptoys.com,(209) 555-0100,2013-01-01,99999.00
Ankita,Mittal,ankita@wingtiptoys.com,(209) 555-0100,2013-01-01,99999.00
Aile,Aasmae,aile@wingtiptoys.com,(239) 555-0100,2013-01-01,99999.00
Ezgi,Kaya,ezgi@wingtiptoys.com,(239) 555-0100,2013-01-01,99999.00
Ava,Edden,ava@wingtiptoys.com,(479) 555-0100,2013-01-01,99999.00
Adirake,Narkbunnum,adirake@wingtiptoys.com,(479) 555-0100,2013-01-01,99999.00
Manali,Bose,manali@wingtiptoys.com,(215) 555-0100,2013-01-01,99999.00
Ji-min,Jun,ji-min@wingtiptoys.com,(215) 555-0100,2013-01-01,99999.00
Astrid,Poisson,astrid@wingtiptoys.com,(228) 555-0100,2013-01-01,99999.00
Timotej,stakne,timotej@wingtiptoys.com,(228) 555-0100,2013-01-01,99999.00
Gi-Suk,Heo,gi-suk@wingtiptoys.com,(215) 555-0100,2013-01-01,99999.00
Roman,Tomek,roman@wingtiptoys.com,(215) 555-0100,2016-05-31,99999.00
Irma,Kruze,irma@wingtiptoys.com,(219) 555-0100,2013-01-01,99999.00
V캩ra,Stejskalova,v尼ra@wingtiptoys.com,(219) 555-0100,2013-01-01,99999.00
Dhaeraemdranaadh,Pamulaparthi,dhaeraemdranaadh@wingtiptoys.com,(458) 555-0100,2013-01-01,99999.00
Victoria,Brezeanu,victoria@wingtiptoys.com,(458) 555-0100,2013-01-01,99999.00
Agrita,Kalnina,agrita@wingtiptoys.com,(314) 555-0100,2013-01-01,99999.00
Burak,ozden,burak@wingtiptoys.com,(314) 555-0100,2013-01-01,99999.00
Ravindra,Sandhu,ravindra@wingtiptoys.com,(212) 555-0100,2013-01-01,99999.00
Iulia,Nechita,iulia@wingtiptoys.com,(212) 555-0100,2013-01-01,99999.00
Klara,Rakus,klara@wingtiptoys.com,(803) 555-0100,2013-01-01,99999.00
Razeena,Rezaei,razeena@wingtiptoys.com,(803) 555-0100,2013-01-01,99999.00
Am,Lo,am@wingtiptoys.com,(803) 555-0100,2013-01-01,99999.00
Edmee,Schol,edmee@wingtiptoys.com,(803) 555-0100,2013-01-01,99999.00
Sophie,Van Lier,sophie@wingtiptoys.com,(316) 555-0100,2013-01-01,99999.00
Shiva,Nair,shiva@wingtiptoys.com,(316) 555-0100,2016-05-31,99999.00
Dimitry,Profis,dimitry@wingtiptoys.com,(216) 555-0100,2013-01-01,99999.00
Manindra,Desai,manindra@wingtiptoys.com,(216) 555-0100,2013-01-01,99999.00
Jan,Zeman,jan@wingtiptoys.com,(215) 555-0100,2013-01-01,99999.00
Jukka-Pekk,Saarijarvi,jukka-pekk@wingtiptoys.com,(215) 555-0100,2013-01-01,99999.00
Ranjit,Dikshit,ranjit@wingtiptoys.com,(787) 555-0100,2013-01-01,99999.00
Marek,Blaho,marek@wingtiptoys.com,(787) 555-0100,2013-01-01,99999.00
Varuna,Ganguly,varuna@wingtiptoys.com,(262) 555-0100,2013-01-01,99999.00
Natalia,Pokorna,natalia@wingtiptoys.com,(262) 555-0100,2013-01-01,99999.00
Basak,Tekin,basak@wingtiptoys.com,(207) 555-0100,2013-01-01,99999.00
Nicole,Martinez,nicole@wingtiptoys.com,(207) 555-0100,2013-01-01,99999.00
Doru,Tirlea,doru@wingtiptoys.com,(217) 555-0100,2013-01-01,99999.00
Hema,Jujjavarapu,hema@wingtiptoys.com,(217) 555-0100,2013-01-01,99999.00
Jessica,Perrine,jessica@wingtiptoys.com,(217) 555-0100,2013-01-01,99999.00
Mukta,Sarkar,mukta@wingtiptoys.com,(217) 555-0100,2013-01-01,99999.00
Yavuz,Cetinkaya,yavuz@wingtiptoys.com,(240) 555-0100,2013-01-01,99999.00
Jaydeb,Ganguly,jaydeb@wingtiptoys.com,(240) 555-0100,2013-01-01,99999.00
Sirirat,Kongpaisarn,sirirat@wingtiptoys.com,(303) 555-0100,2013-01-01,99999.00
Himani,Sanyal,himani@wingtiptoys.com,(303) 555-0100,2013-01-01,99999.00
Claude,Bonsaint,claude@wingtiptoys.com,(215) 555-0100,2013-01-01,99999.00
Gopal,Thakur,gopal@wingtiptoys.com,(215) 555-0100,2013-01-01,99999.00
Roman,Pajer,roman@wingtiptoys.com,(209) 555-0100,2013-01-01,99999.00
Floris,Veenhuizen,floris@wingtiptoys.com,(209) 555-0100,2013-01-01,99999.00
Vitezslav,Holy,vitezslav@wingtiptoys.com,(803) 555-0100,2013-01-01,99999.00
Paul,Valbe,paul@wingtiptoys.com,(803) 555-0100,2013-01-01,99999.00
Devi,Dewangan,devi@wingtiptoys.com,(216) 555-0100,2013-01-01,99999.00
William,Bordelon,william@wingtiptoys.com,(216) 555-0100,2013-01-01,99999.00
Masa,Buecek,masa@wingtiptoys.com,(216) 555-0100,2013-01-01,99999.00
Nguyet,Trang,nguyet@wingtiptoys.com,(216) 555-0100,2013-01-01,99999.00
Bipin,Modi,bipin@wingtiptoys.com,(423) 555-0100,2013-01-01,99999.00
Dattaatraeya,Vangapandu,dattaatraeya@wingtiptoys.com,(423) 555-0100,2013-01-01,99999.00
Rahul,Sarma,rahul@wingtiptoys.com,(802) 555-0100,2013-01-01,99999.00
Deeba,Hemmati,deeba@wingtiptoys.com,(802) 555-0100,2013-01-01,99999.00
Alejandro,Escobar,alejandro@wingtiptoys.com,(218) 555-0100,2013-01-01,99999.00
Milada,Hadrabova,milada@wingtiptoys.com,(218) 555-0100,2013-01-01,99999.00
Andris,Vitols,andris@wingtiptoys.com,(252) 555-0100,2013-01-01,99999.00
Lana,Larsson,lana@wingtiptoys.com,(252) 555-0100,2016-05-31,99999.00
Mariela,Weitzer,mariela@wingtiptoys.com,(207) 555-0100,2013-01-01,99999.00
David,Lanctot,david@wingtiptoys.com,(207) 555-0100,2013-01-01,99999.00
Alain,Pelland,alain@wingtiptoys.com,(303) 555-0100,2013-01-01,99999.00
Ik-Soo,Jo,ik-soo@wingtiptoys.com,(303) 555-0100,2013-01-01,99999.00
Milica,Stojkovic,milica@wingtiptoys.com,(201) 555-0100,2013-01-01,99999.00
Teemu,Yli-Sirnio,teemu@wingtiptoys.com,(201) 555-0100,2013-01-01,99999.00
Natalie,Horackova,natalie@wingtiptoys.com,(215) 555-0100,2013-01-01,99999.00
Francesca,Greece,francesca@wingtiptoys.com,(215) 555-0100,2013-01-01,99999.00
Baalaaditya,Rallapalli,baalaaditya@wingtiptoys.com,(314) 555-0100,2013-01-01,99999.00
Antonin,Holy,antonin@wingtiptoys.com,(314) 555-0100,2013-01-01,99999.00
Matej,Formanek,matej@wingtiptoys.com,(303) 555-0100,2013-01-01,99999.00
Mary,Eder,mary@wingtiptoys.com,(303) 555-0100,2013-01-01,99999.00
Manish,Ghosh,manish@wingtiptoys.com,(219) 555-0100,2013-01-01,99999.00
Anish,Naidu,anish@wingtiptoys.com,(219) 555-0100,2013-01-01,99999.00
Pracha,Nantakarn,pracha@wingtiptoys.com,(231) 555-0100,2016-05-31,99999.00
Malee,Charoenkul,malee@wingtiptoys.com,(231) 555-0100,2013-01-01,99999.00
Charline,Flamand,charline@wingtiptoys.com,(605) 555-0100,2013-01-01,99999.00
Dhavala,Alladi,dhavala@wingtiptoys.com,(605) 555-0100,2013-01-01,99999.00
Teodor,Vlad,teodor@wingtiptoys.com,(219) 555-0100,2013-01-01,99999.00
Peeter,Keskula,peeter@wingtiptoys.com,(219) 555-0100,2013-01-01,99999.00
Anda,Liepa,anda@wingtiptoys.com,(603) 555-0100,2016-05-31,99999.00
Deakshitulu,Paruchuri,deakshitulu@wingtiptoys.com,(603) 555-0100,2013-01-01,99999.00
Jelena,Utjesenovic,jelena@wingtiptoys.com,(210) 555-0100,2013-01-01,99999.00
Debbie,Clark,debbie@wingtiptoys.com,(210) 555-0100,2013-01-01,99999.00
Adriana,Horackova,adriana@wingtiptoys.com,(252) 555-0100,2016-05-31,99999.00
Suniti,Bhat,suniti@wingtiptoys.com,(252) 555-0100,2013-01-01,99999.00
Miika,Putkonen,miika@wingtiptoys.com,(314) 555-0100,2013-01-01,99999.00
Jose,Williams,jose@wingtiptoys.com,(314) 555-0100,2013-01-01,99999.00
Padma,Iyer,padma@wingtiptoys.com,(505) 555-0100,2013-01-01,99999.00
Cai,Cao,cai@wingtiptoys.com,(505) 555-0100,2013-01-01,99999.00
콐ani,Sen,鄧ani@wingtiptoys.com,(405) 555-0100,2013-01-01,99999.00
Ngu,Hoa,ngu@wingtiptoys.com,(405) 555-0100,2016-05-31,99999.00
Helene,Dupuy,helene@wingtiptoys.com,(270) 555-0100,2013-01-01,99999.00
Antonio,Trentini,antonio@wingtiptoys.com,(270) 555-0100,2016-05-31,99999.00
omer,ozbek,omer@wingtiptoys.com,(205) 555-0100,2016-05-31,99999.00
Andrei,Bratianu,andrei@wingtiptoys.com,(205) 555-0100,2013-01-01,99999.00
Akshayakeerti,Jandhyala,akshayakeerti@wingtiptoys.com,(240) 555-0100,2016-05-31,99999.00
Tereza,Stolinova,tereza@wingtiptoys.com,(240) 555-0100,2013-01-01,99999.00
Ankolika,Sen,ankolika@wingtiptoys.com,(304) 555-0100,2013-01-01,99999.00
Kristophe, Couet,kristophe @wingtiptoys.com,(304) 555-0100,2013-01-01,99999.00
Baalaamani,Veturi,baalaamani@wingtiptoys.com,(218) 555-0100,2013-01-01,99999.00
Gustav,Korjus,gustav@wingtiptoys.com,(218) 555-0100,2013-01-01,99999.00
Julia,Konecna,julia@wingtiptoys.com,(314) 555-0100,2013-01-01,99999.00
Birgit,Saar,birgit@wingtiptoys.com,(314) 555-0100,2013-01-01,99999.00
Madelaine, Paulet,madelaine @wingtiptoys.com,(212) 555-0100,2013-01-01,99999.00
Arundhati,Bhowmick,arundhati@wingtiptoys.com,(212) 555-0100,2013-01-01,99999.00
Mario,Jogi,mario@wingtiptoys.com,(212) 555-0100,2013-01-01,99999.00
Martina,Omelkova,martina@wingtiptoys.com,(212) 555-0100,2013-01-01,99999.00
Kaya,ozbek,kaya@wingtiptoys.com,(276) 555-0100,2013-01-01,99999.00
Lan,Klanjcar,lan@wingtiptoys.com,(276) 555-0100,2013-01-01,99999.00
Seo-yeon,Rim,seo-yeon@wingtiptoys.com,(229) 555-0100,2013-01-01,99999.00
Giovanna,Araujo,giovanna@wingtiptoys.com,(229) 555-0100,2013-01-01,99999.00
Sitara,Benjaree,sitara@wingtiptoys.com,(210) 555-0100,2013-01-01,99999.00
Roberts,Sprogis,roberts@wingtiptoys.com,(210) 555-0100,2013-01-01,99999.00
Javier,Caraballo,javier@wingtiptoys.com,(231) 555-0100,2016-05-31,99999.00
Coralie,Brasseur,coralie@wingtiptoys.com,(231) 555-0100,2013-01-01,99999.00
Akhtar,Shahrestaani,akhtar@wingtiptoys.com,(229) 555-0100,2013-01-01,99999.00
Priya,Joshi,priya@wingtiptoys.com,(229) 555-0100,2013-01-01,99999.00
Vanita,Bhowmick,vanita@wingtiptoys.com,(405) 555-0100,2016-05-31,99999.00
Bruna,Cavalcante,bruna@wingtiptoys.com,(405) 555-0100,2013-01-01,99999.00
Nishant,Menon,nishant@wingtiptoys.com,(225) 555-0100,2013-01-01,99999.00
Ratnam,Singh,ratnam@wingtiptoys.com,(225) 555-0100,2013-01-01,99999.00
Josef,Benda,josef@wingtiptoys.com,(304) 555-0100,2013-01-01,99999.00
Trishna,Benipal,trishna@wingtiptoys.com,(304) 555-0100,2016-05-31,99999.00
Teresa,Bender,teresa@wingtiptoys.com,(605) 555-0100,2013-01-01,99999.00
Diego,Buccho,diego@wingtiptoys.com,(605) 555-0100,2016-05-31,99999.00
Deepesh,Bose,deepesh@wingtiptoys.com,(907) 555-0100,2013-01-01,99999.00
Ambareesh,Madhunapantula,ambareesh@wingtiptoys.com,(907) 555-0100,2013-01-01,99999.00
Madhavi,Gupta,madhavi@wingtiptoys.com,(228) 555-0100,2013-01-01,99999.00
Indu,Chowdary,indu@wingtiptoys.com,(228) 555-0100,2016-05-31,99999.00
Bich,Banh,bich@wingtiptoys.com,(215) 555-0100,2016-05-31,99999.00
Lennart,Kask,lennart@wingtiptoys.com,(215) 555-0100,2013-01-01,99999.00
콐ani,Nair,鄧ani@wingtiptoys.com,(207) 555-0100,2013-01-01,99999.00
Cuc,Tu,cuc@wingtiptoys.com,(207) 555-0100,2013-01-01,99999.00
Angelina,Gormanston,angelina@wingtiptoys.com,(201) 555-0100,2016-05-31,99999.00
Prasanna,Shetty,prasanna@wingtiptoys.com,(201) 555-0100,2013-01-01,99999.00
Prasert,Supitayaporn,prasert@wingtiptoys.com,(219) 555-0100,2013-01-01,99999.00
Gulzar,Parkar,gulzar@wingtiptoys.com,(219) 555-0100,2016-05-31,99999.00
Abhaya,Rambhatla,abhaya@wingtiptoys.com,(231) 555-0100,2013-01-01,99999.00
Naveed,Alizadeh,naveed@wingtiptoys.com,(231) 555-0100,2013-01-01,99999.00
Lalit,Ogra,lalit@wingtiptoys.com,(205) 555-0100,2013-01-01,99999.00
Badanika,Vankayala,badanika@wingtiptoys.com,(205) 555-0100,2013-01-01,99999.00
Mina,Bagheri,mina@wingtiptoys.com,(319) 555-0100,2013-01-01,99999.00
Lien,Lo,lien@wingtiptoys.com,(319) 555-0100,2013-01-01,99999.00
Debraj,Sanyal,debraj@wingtiptoys.com,(239) 555-0100,2016-05-31,99999.00
Tara,KlanCisar,tara@wingtiptoys.com,(239) 555-0100,2013-01-01,99999.00
Marco,Costa,marco@wingtiptoys.com,(701) 555-0100,2013-01-01,99999.00
Alessandra,Gallo,alessandra@wingtiptoys.com,(701) 555-0100,2013-01-01,99999.00
Crina,Nechita,crina@wingtiptoys.com,(217) 555-0100,2016-05-31,99999.00
Yi,Min Zhong,yi min@wingtiptoys.com,(217) 555-0100,2013-01-01,99999.00
Zala,Ibrahimagic,zala@wingtiptoys.com,(212) 555-0100,2013-01-01,99999.00
Wander,Ellenbroek,wander@wingtiptoys.com,(212) 555-0100,2016-05-31,99999.00
Gundega,Kundzina,gundega@wingtiptoys.com,(479) 555-0100,2013-01-01,99999.00
Damyanti,Byrraju,damyanti@wingtiptoys.com,(479) 555-0100,2013-01-01,99999.00
Parveen,Haldar,parveen@wingtiptoys.com,(219) 555-0100,2013-01-01,99999.00
Chau,Chu,chau@wingtiptoys.com,(219) 555-0100,2013-01-01,99999.00
Noel,Cartier,noel@wingtiptoys.com,(215) 555-0100,2013-01-01,99999.00
Aet,Kasesalu,aet@wingtiptoys.com,(215) 555-0100,2016-05-31,99999.00
Ilgonis,Dzenis,ilgonis@wingtiptoys.com,(210) 555-0100,2013-01-01,99999.00
Emine,Gungor,emine@wingtiptoys.com,(210) 555-0100,2016-05-31,99999.00
Ondrej,Tomek,ondrej@wingtiptoys.com,(219) 555-0100,2013-01-01,99999.00
Ngon,Ta,ngon@wingtiptoys.com,(219) 555-0100,2016-05-31,99999.00
Mohini,Kaul,mohini@wingtiptoys.com,(240) 555-0100,2013-01-01,99999.00
Alejandro,Baeza,alejandro@wingtiptoys.com,(240) 555-0100,2013-01-01,99999.00
Arnab,Malakar,arnab@wingtiptoys.com,(210) 555-0100,2013-01-01,99999.00
Anupam,Majumdar,anupam@wingtiptoys.com,(210) 555-0100,2013-01-01,99999.00
Mary,Barney,mary@wingtiptoys.com,(505) 555-0100,2013-01-01,99999.00
Amit,Ghatak,amit@wingtiptoys.com,(505) 555-0100,2013-01-01,99999.00
Dhaeraemdranaadh,Allu,dhaeraemdranaadh@wingtiptoys.com,(216) 555-0100,2013-01-01,99999.00
Abel,Pirvu,abel@wingtiptoys.com,(216) 555-0100,2013-01-01,99999.00
Paola,Greece,paola@wingtiptoys.com,(210) 555-0100,2013-01-01,99999.00
Izabella,Baltina,izabella@wingtiptoys.com,(210) 555-0100,2013-01-01,99999.00
Flora,Olofsson,flora@wingtiptoys.com,(787) 555-0100,2013-01-01,99999.00
Vitezslav,Drdla,vitezslav@wingtiptoys.com,(787) 555-0100,2016-05-31,99999.00
Nguyet,Bach,nguyet@wingtiptoys.com,(205) 555-0100,2013-01-01,99999.00
Ratnam,Sidhu,ratnam@wingtiptoys.com,(205) 555-0100,2013-01-01,99999.00
Jyoti,Karnik,jyoti@wingtiptoys.com,(803) 555-0100,2013-01-01,99999.00
Dattu,Gummadi,dattu@wingtiptoys.com,(803) 555-0100,2013-01-01,99999.00
Samuel,Almaraz,samuel@wingtiptoys.com,(458) 555-0100,2016-05-31,99999.00
Filip,Bunderla,filip@wingtiptoys.com,(458) 555-0100,2013-01-01,99999.00
Zuzana,Kuchtova,zuzana@wingtiptoys.com,(262) 555-0100,2013-01-01,99999.00
Elias,Niemi,elias@wingtiptoys.com,(262) 555-0100,2013-01-01,99999.00
Mark,Ruutel,mark@wingtiptoys.com,(307) 555-0100,2013-01-01,99999.00
Carla,Osorio,carla@wingtiptoys.com,(307) 555-0100,2016-05-31,99999.00
Corneliu,Vladu,corneliu@wingtiptoys.com,(480) 555-0100,2013-01-01,99999.00
Ivo,Valek,ivo@wingtiptoys.com,(480) 555-0100,2013-01-01,99999.00
Severins,Polis,severins@wingtiptoys.com,(216) 555-0100,2016-05-31,99999.00
Chandran,Bhattacharya,chandran@wingtiptoys.com,(216) 555-0100,2013-01-01,99999.00
Linda,Ledezma,linda@wingtiptoys.com,(210) 555-0100,2013-01-01,99999.00
Zbynek,Vacha,zbynek@wingtiptoys.com,(210) 555-0100,2013-01-01,99999.00
Halit,Gunes,halit@wingtiptoys.com,(239) 555-0100,2013-01-01,99999.00
Indu,Nambiar,indu@wingtiptoys.com,(239) 555-0100,2013-01-01,99999.00
Vallo,Vesik,vallo@wingtiptoys.com,(205) 555-0100,2013-01-01,99999.00
Dayaram,Raut,dayaram@wingtiptoys.com,(205) 555-0100,2013-01-01,99999.00
Dana,Mrazova,dana@wingtiptoys.com,(802) 555-0100,2013-01-01,99999.00
Saraswati,Beniwal,saraswati@wingtiptoys.com,(802) 555-0100,2013-01-01,99999.00
Ema,Slosar,ema@wingtiptoys.com,(215) 555-0100,2013-01-01,99999.00
Arto,Heikkinen,arto@wingtiptoys.com,(215) 555-0100,2016-05-31,99999.00
Hemchandra,Debnath,hemchandra@wingtiptoys.com,(209) 555-0100,2013-01-01,99999.00
Bala,Ogra,bala@wingtiptoys.com,(209) 555-0100,2013-01-01,99999.00
Monika,Valentova,monika@wingtiptoys.com,(458) 555-0100,2013-01-01,99999.00
Anuj,Sonkar,anuj@wingtiptoys.com,(458) 555-0100,2013-01-01,99999.00
Dattaatraeya,Tottempudi,dattaatraeya@wingtiptoys.com,(212) 555-0100,2013-01-01,99999.00
Emilia,Samaniego,emilia@wingtiptoys.com,(212) 555-0100,2013-01-01,99999.00
Kahkushan,Shakiba,kahkushan@wingtiptoys.com,(217) 555-0100,2013-01-01,99999.00
Hathai,Mookjai,hathai@wingtiptoys.com,(217) 555-0100,2013-01-01,99999.00
Taner,Y캼lmaz,taner@wingtiptoys.com,(212) 555-0100,2016-05-31,99999.00
Birol,Arslan,birol@wingtiptoys.com,(212) 555-0100,2013-01-01,99999.00
Abhra,Thakur,abhra@wingtiptoys.com,(215) 555-0100,2013-01-01,99999.00
Uma,Khalsa,uma@wingtiptoys.com,(215) 555-0100,2013-01-01,99999.00
Dunja,Radoncis,dunja@wingtiptoys.com,(215) 555-0100,2013-01-01,99999.00
Olya,Seleznyov,olya@wingtiptoys.com,(215) 555-0100,2013-01-01,99999.00
Darakhshan,Javaherian,darakhshan@wingtiptoys.com,(215) 555-0100,2013-01-01,99999.00
Alexandre, L'Angelier,alexandre @wingtiptoys.com,(215) 555-0100,2013-01-01,99999.00
Youssef,Eriksson,youssef@wingtiptoys.com,(701) 555-0100,2013-01-01,99999.00
Arunima,Ganguly,arunima@wingtiptoys.com,(701) 555-0100,2013-01-01,99999.00
Pavel,Bohuslav,pavel@wingtiptoys.com,(505) 555-0100,2013-01-01,99999.00
Mahendra,Trivedi,mahendra@wingtiptoys.com,(505) 555-0100,2013-01-01,99999.00
Jiri,Vacha,jiri@wingtiptoys.com,(209) 555-0100,2013-01-01,99999.00
Constanta,Dita,constanta@wingtiptoys.com,(209) 555-0100,2016-05-31,99999.00
Magdalena,Cervenkova,magdalena@wingtiptoys.com,(405) 555-0100,2013-01-01,99999.00
Sylvie,Panetier,sylvie@wingtiptoys.com,(405) 555-0100,2013-01-01,99999.00
Asha,Mudigonda,asha@wingtiptoys.com,(201) 555-0100,2013-01-01,99999.00
Jaya,Benjaree,jaya@wingtiptoys.com,(201) 555-0100,2013-01-01,99999.00
Anete,Kundzina,anete@wingtiptoys.com,(239) 555-0100,2013-01-01,99999.00
Petr,Drdla,petr@wingtiptoys.com,(239) 555-0100,2013-01-01,99999.00
Daniela,Sal,daniela@wingtiptoys.com,(210) 555-0100,2016-05-31,99999.00
Kunal,Nakhtare,kunal@wingtiptoys.com,(210) 555-0100,2013-01-01,99999.00
Duangrat,Atitarn,duangrat@wingtiptoys.com,(210) 555-0100,2013-01-01,99999.00
Ella,Celmina,ella@wingtiptoys.com,(210) 555-0100,2013-01-01,99999.00
Deviprasad,Prabhup캐da,deviprasad@wingtiptoys.com,(605) 555-0100,2013-01-01,99999.00
Tess,Seegers,tess@wingtiptoys.com,(605) 555-0100,2016-05-31,99999.00
Aija,Lukstina,aija@wingtiptoys.com,(252) 555-0100,2013-01-01,99999.00
Sanjay,Cheema,sanjay@wingtiptoys.com,(252) 555-0100,2013-01-01,99999.00
Hoc,Le,hoc@wingtiptoys.com,(208) 555-0100,2013-01-01,99999.00
Blagoje,Pavlovic,blagoje@wingtiptoys.com,(208) 555-0100,2013-01-01,99999.00
Bhairaam,Kidambi,bhairaam@wingtiptoys.com,(319) 555-0100,2013-01-01,99999.00
Aleksandrs,Cirulis,aleksandrs@wingtiptoys.com,(319) 555-0100,2013-01-01,99999.00
Jae-Hwa,Shin,jae-hwa@wingtiptoys.com,(505) 555-0100,2013-01-01,99999.00
Mala,Naicker,mala@wingtiptoys.com,(505) 555-0100,2016-05-31,99999.00
Caterina,Fallaci,caterina@wingtiptoys.com,(210) 555-0100,2013-01-01,99999.00
Brayden,Macnamara,brayden@wingtiptoys.com,(210) 555-0100,2013-01-01,99999.00
Baanuraekha,Voleti,baanuraekha@wingtiptoys.com,(276) 555-0100,2013-01-01,99999.00
Renata,Alva,renata@wingtiptoys.com,(276) 555-0100,2013-01-01,99999.00
Ranjeet,Haldar,ranjeet@wingtiptoys.com,(203) 555-0100,2013-01-01,99999.00
Mandeep,Desai,mandeep@wingtiptoys.com,(203) 555-0100,2013-01-01,99999.00
Bhaamini,Kanaparthi,bhaamini@wingtiptoys.com,(907) 555-0100,2013-01-01,99999.00
Sun-Hi,Oh,sun-hi@wingtiptoys.com,(907) 555-0100,2013-01-01,99999.00
Margit,Molnar,margit@wingtiptoys.com,(808) 555-0100,2013-01-01,99999.00
Amanda,Kaulina,amanda@wingtiptoys.com,(808) 555-0100,2013-01-01,99999.00
Chandni,Jandhyala,chandni@wingtiptoys.com,(210) 555-0100,2013-01-01,99999.00
Verona,Sykorova,verona@wingtiptoys.com,(210) 555-0100,2013-01-01,99999.00
Ljubomir,Nesic,ljubomir@wingtiptoys.com,(231) 555-0100,2013-01-01,99999.00
Izan,Arana,izan@wingtiptoys.com,(231) 555-0100,2013-01-01,99999.00
Telma,Hermansson,telma@wingtiptoys.com,(240) 555-0100,2013-01-01,99999.00
Lubomir,Spousta,lubomir@wingtiptoys.com,(240) 555-0100,2013-01-01,99999.00
Eric,Torres,eric@example.com,(307) 555-0100,2013-01-01,99999.00
Cosmina,Vlad,cosmina@example.com,(505) 555-0100,2016-05-31,99999.00
Bala,Dixit,bala@example.com,(209) 555-0100,2013-01-01,99999.00
Aleksandrs,Riekstins,aleksandrs@example.com,(605) 555-0100,2013-01-01,99999.00
Ratan,Poddar,ratan@example.com,(907) 555-0100,2013-01-01,99999.00
Shi,Tu,shi@example.com,(307) 555-0100,2013-01-01,99999.00
Gunnar,Lohmus,gunnar@example.com,(201) 555-0100,2013-01-01,99999.00
Jackson,Kolios,jackson@example.com,(209) 555-0100,2013-01-01,99999.00
Madhu,Dwivedi,madhu@example.com,(802) 555-0100,2013-01-01,99999.00
Alena,Kellnerova,alena@example.com,(303) 555-0100,2013-01-01,99999.00
Surendra,Sahu,surendra@example.com,(210) 555-0100,2013-01-01,99999.00
Celica,Barajas,celica@example.com,(270) 555-0100,2013-01-01,99999.00
Shyam,Poddar,shyam@example.com,(218) 555-0100,2013-01-01,99999.00
Johanna,Hoornstra,johanna@example.com,(210) 555-0100,2013-01-01,99999.00
Libuse,Valentova,libuse@example.com,(270) 555-0100,2013-01-01,99999.00
Harsha,Huq,harsha@example.com,(314) 555-0100,2013-01-01,99999.00
Agrita,Kanepa,agrita@example.com,(201) 555-0100,2016-05-31,99999.00
Liia,Orav,liia@example.com,(252) 555-0100,2013-01-01,99999.00
Santiago,Vera,santiago@example.com,(304) 555-0100,2013-01-01,99999.00
Knut,Svensson,knut@example.com,(201) 555-0100,2013-01-01,99999.00
Kwanjai,Saowaluk,kwanjai@example.com,(787) 555-0100,2013-01-01,99999.00
Suparna,Bhattacharya,suparna@example.com,(314) 555-0100,2016-05-31,99999.00
Francisca,Laureano,francisca@example.com,(319) 555-0100,2016-05-31,99999.00
Risto,Valbe,risto@example.com,(205) 555-0100,2013-01-01,99999.00
Jayanta,Thakur,jayanta@example.com,(276) 555-0100,2013-01-01,99999.00
Leila,Carvalho,leila@example.com,(217) 555-0100,2013-01-01,99999.00
Crina,Grasu,crina@example.com,(308) 555-0100,2013-01-01,99999.00
Sercan,Celik,sercan@example.com,(217) 555-0100,2013-01-01,99999.00
Jack,Walker,jack@example.com,(316) 555-0100,2016-05-31,99999.00
Jana,Fialova,jana@example.com,(215) 555-0100,2013-01-01,99999.00
Bhaavan,Rai,bhaavan@example.com,(308) 555-0100,2013-01-01,99999.00
Aakriti,Byrraju,aakriti@example.com,(216) 555-0100,2013-01-01,99999.00
Devraj,Rao,devraj@example.com,(385) 555-0100,2013-01-01,99999.00
Cong,Hoa,cong@example.com,(212) 555-0100,2013-01-01,99999.00
Dominic,Davignon,dominic@example.com,(209) 555-0100,2013-01-01,99999.00
Abel,Spirlea,abel@example.com,(218) 555-0100,2013-01-01,99999.00
Anil,Sarkar,anil@example.com,(215) 555-0100,2016-05-31,99999.00
Pavel,Bogdanov,pavel@example.com,(339) 555-0100,2016-05-31,99999.00
Juan,Morse,juan@example.com,(423) 555-0100,2013-01-01,99999.00
Rodrigo,Figueiredo,rodrigo@example.com,(803) 555-0100,2013-01-01,99999.00
Camille,Authier,camille@example.com,(252) 555-0100,2013-01-01,99999.00
Biju,Deb,biju@example.com,(218) 555-0100,2013-01-01,99999.00
Marija,Justina Pasek,marija justina@example.com,(215) 555-0100,2013-01-01,99999.00
Durdanah,Abbasi,durdanah@example.com,(201) 555-0100,2013-01-01,99999.00
Emilie,Hrdlickova,emilie@example.com,(803) 555-0100,2013-01-01,99999.00
Malorie,Bousquet,malorie@example.com,(209) 555-0100,2013-01-01,99999.00
Kristiina,Ivanov,kristiina@example.com,(605) 555-0100,2013-01-01,99999.00
Alvin,Bollinger,alvin@example.com,(270) 555-0100,2013-01-01,99999.00
Sabine,Zalite,sabine@example.com,(210) 555-0100,2013-01-01,99999.00
Daakshaayaani,Sankaramanchi,daakshaayaani@example.com,(319) 555-0100,2013-01-01,99999.00
Ebru,Erdogan,ebru@example.com,(405) 555-0100,2013-01-01,99999.00
Bhagavaan,Atluri,bhagavaan@example.com,(229) 555-0100,2013-01-01,99999.00
Caterina,Pinto,caterina@example.com,(907) 555-0100,2013-01-01,99999.00
Daakshaayaani,Kommineni,daakshaayaani@example.com,(239) 555-0100,2013-01-01,99999.00
Anna,Mazzanti,anna@example.com,(314) 555-0100,2013-01-01,99999.00
Satish,Mittal,satish@example.com,(215) 555-0100,2013-01-01,99999.00
Clarissa,Manfrin,clarissa@example.com,(210) 555-0100,2013-01-01,99999.00
Bimla,Prabhup캐da,bimla@example.com,(209) 555-0100,2016-05-31,99999.00
Shah,Alizadeh,shah@example.com,(304) 555-0100,2013-01-01,99999.00
Marcela,Lucescu,marcela@example.com,(231) 555-0100,2013-01-01,99999.00
Amarasimha,Vinjamuri,amarasimha@example.com,(339) 555-0100,2016-05-31,99999.00
Lana,Goransson,lana@example.com,(212) 555-0100,2016-05-31,99999.00
Jakub,Lukes,jakub@example.com,(212) 555-0100,2013-01-01,99999.00
Mikhail,Degtyarev,mikhail@example.com,(218) 555-0100,2013-01-01,99999.00
Bijoya,Thakur,bijoya@example.com,(225) 555-0100,2013-01-01,99999.00
Jay,Bhuiyan,jay@example.com,(215) 555-0100,2013-01-01,99999.00
Jasna,Cerkez,jasna@example.com,(304) 555-0100,2013-01-01,99999.00
Laura,Sykorova,laura@example.com,(316) 555-0100,2013-01-01,99999.00
Abel,Tatarescu,abel@example.com,(217) 555-0100,2013-01-01,99999.00
In-Su,Bae,in-su@example.com,(206) 555-0100,2013-01-01,99999.00
Darshana,Madhunapantula,darshana@example.com,(240) 555-0100,2013-01-01,99999.00
Katerina,Hadrabova,katerina@example.com,(219) 555-0100,2013-01-01,99999.00
Hana,Hlouskova,hana@example.com,(505) 555-0100,2013-01-01,99999.00
Daniel,Martensson,daniel@example.com,(225) 555-0100,2013-01-01,99999.00
Philip,Walker,philip@example.com,(216) 555-0100,2013-01-01,99999.00
Marie,LeBatelier,marie@example.com,(210) 555-0100,2013-01-01,99999.00
Leyla,Siavashi,leyla@example.com,(201) 555-0100,2013-01-01,99999.00
Miriam,House,miriam@example.com,(701) 555-0100,2013-01-01,99999.00
Jitka,Necesana,jitka@example.com,(212) 555-0100,2013-01-01,99999.00
Edmee,Glissen,edmee@example.com,(208) 555-0100,2013-01-01,99999.00
Magdalena,Michnova,magdalena@example.com,(907) 555-0100,2013-01-01,99999.00
Maryann,Huddleston,maryann@example.com,(304) 555-0100,2013-01-01,99999.00
Radha,Barua,radha@example.com,(405) 555-0100,2013-01-01,99999.00
Anindya,Ghatak,anindya@example.com,(219) 555-0100,2013-01-01,99999.00
Chandrashekhar,Dasgupta,chandrashekhar@example.com,(208) 555-0100,2013-01-01,99999.00
Debbie,Molina,debbie@example.com,(270) 555-0100,2013-01-01,99999.00
Baran,Jonsson,baran@example.com,(458) 555-0100,2013-01-01,99999.00
Jai,Lamble,jai@example.com,(479) 555-0100,2013-01-01,99999.00
Sointu,Savonheimo,sointu@example.com,(701) 555-0100,2013-01-01,99999.00
Olya,Izmaylov,olya@example.com,(210) 555-0100,2013-01-01,99999.00
Taneli,Riutta,taneli@example.com,(276) 555-0100,2013-01-01,99999.00
Bahaar,Asef zade,bahaar@example.com,(225) 555-0100,2013-01-01,99999.00
Leyla,Asef zade,leyla@example.com,(216) 555-0100,2013-01-01,99999.00
Gabriela,Hernandes,gabriela@example.com,(239) 555-0100,2013-01-01,99999.00
Geza,Roman,geza@example.com,(215) 555-0100,2016-05-31,99999.00
Leonardo,Folliero,leonardo@example.com,(339) 555-0100,2013-01-01,99999.00
Allan,Mannik,allan@example.com,(218) 555-0100,2013-01-01,99999.00
Gopalgobinda,Sikdar,gopalgobinda@example.com,(307) 555-0100,2013-01-01,99999.00
Chin-Sun,Chang,chin-sun@example.com,(605) 555-0100,2013-01-01,99999.00
Lilli,Sokk,lilli@example.com,(229) 555-0100,2013-01-01,99999.00
Adrian,Andreasson,adrian@example.com,(217) 555-0100,2013-01-01,99999.00
Kamila,Michnova,kamila@example.com,(210) 555-0100,2016-05-31,99999.00
Bing,Han,bing@example.com,(228) 555-0100,2013-01-01,99999.00
Olafs,Rozitis,olafs@example.com,(316) 555-0100,2013-01-01,99999.00
Sara,Huiting,sara@example.com,(218) 555-0100,2013-01-01,99999.00
Ajitaab,Pakalapati,ajitaab@example.com,(209) 555-0100,2013-01-01,99999.00
Eugen,Agafitei,eugen@example.com,(252) 555-0100,2016-05-31,99999.00
Sumati,Bhat,sumati@example.com,(206) 555-0100,2013-01-01,99999.00
Dena,Glissen,dena@example.com,(316) 555-0100,2013-01-01,99999.00
Elina,Kaleja,elina@example.com,(225) 555-0100,2013-01-01,99999.00
Liidia,Lepp,liidia@example.com,(276) 555-0100,2013-01-01,99999.00
Volkan,senturk,volkan@example.com,(276) 555-0100,2013-01-01,99999.00
Violetta,KlanCisar,violetta@example.com,(225) 555-0100,2013-01-01,99999.00
Chandana,Shasthri,chandana@example.com,(803) 555-0100,2013-01-01,99999.00
Ana,Florea,ana@example.com,(210) 555-0100,2013-01-01,99999.00
Pinja,Jantunen,pinja@example.com,(308) 555-0100,2013-01-01,99999.00
Pari,Hosseini,pari@example.com,(505) 555-0100,2013-01-01,99999.00
Isidora,Morales,isidora@example.com,(406) 555-0100,2013-01-01,99999.00
Kertu,Sokk,kertu@example.com,(212) 555-0100,2013-01-01,99999.00
Gayatri,Gajula,gayatri@example.com,(212) 555-0100,2013-01-01,99999.00
Victoria,Lacusta,victoria@example.com,(212) 555-0100,2013-01-01,99999.00
Sumati,Chatterjee,sumati@example.com,(231) 555-0100,2016-05-31,99999.00
Tai,Bach,tai@example.com,(219) 555-0100,2013-01-01,99999.00
Eva,Schulteisz,eva@example.com,(252) 555-0100,2013-01-01,99999.00
Can,ozcan,can@example.com,(215) 555-0100,2013-01-01,99999.00
Richard,Friar,richard@example.com,(339) 555-0100,2016-05-31,99999.00
Matyas,Sedlar,matyas@example.com,(270) 555-0100,2016-05-31,99999.00
Arijit,Bhuiyan,arijit@example.com,(212) 555-0100,2013-01-01,99999.00
Vladimir,Henzl,vladimir@example.com,(907) 555-0100,2013-01-01,99999.00
Shantanu,Huq,shantanu@example.com,(252) 555-0100,2013-01-01,99999.00
Nada,Jovanovic,nada@example.com,(215) 555-0100,2013-01-01,99999.00
Nicolo,Cattaneo,nicolo@example.com,(212) 555-0100,2016-05-31,99999.00
Joel,Carrillo,joel@example.com,(405) 555-0100,2013-01-01,99999.00
Ivan,Sepulveda,ivan@example.com,(218) 555-0100,2016-05-31,99999.00
Daevasree,Samavedam,daevasree@example.com,(201) 555-0100,2013-01-01,99999.00
Ludmila,Smidova,ludmila@example.com,(480) 555-0100,2013-01-01,99999.00
Manca,Hrastovsek,manca@example.com,(205) 555-0100,2013-01-01,99999.00
Anna,Gyarmathi,anna@example.com,(252) 555-0100,2016-05-31,99999.00
Ioana,Florea,ioana@example.com,(339) 555-0100,2013-01-01,99999.00
Lorin,Astrom,lorin@example.com,(210) 555-0100,2013-01-01,99999.00
Bishwa,Chatterjee,bishwa@example.com,(239) 555-0100,2016-05-31,99999.00
Chaayaadaevi,Sonti,chaayaadaevi@example.com,(217) 555-0100,2013-01-01,99999.00
Drazenka,Jelic,drazenka@example.com,(803) 555-0100,2013-01-01,99999.00
Ida,Celma,ida@example.com,(319) 555-0100,2013-01-01,99999.00
Hoc,Tran,hoc@example.com,(339) 555-0100,2013-01-01,99999.00
David,safranek,david@example.com,(215) 555-0100,2013-01-01,99999.00
Svetlana,Todorovic,svetlana@example.com,(206) 555-0100,2013-01-01,99999.00
Richard,Zahradnicek,richard@example.com,(314) 555-0100,2013-01-01,99999.00
Seo-yun,Paik,seo-yun@example.com,(210) 555-0100,2013-01-01,99999.00
Emily,Whittle,emily@example.com,(231) 555-0100,2013-01-01,99999.00
Eliza,Persson,eliza@example.com,(209) 555-0100,2013-01-01,99999.00
Chuan,Wattanasin,chuan@example.com,(217) 555-0100,2013-01-01,99999.00
Linh,Dao,linh@example.com,(228) 555-0100,2013-01-01,99999.00
Nasrin,Omidzadeh,nasrin@example.com,(239) 555-0100,2013-01-01,99999.00
Raghu,Sandhu,raghu@example.com,(240) 555-0100,2016-05-31,99999.00
Nhung,Thach,nhung@example.com,(480) 555-0100,2013-01-01,99999.00
Hee-Young,Suh,hee-young@example.com,(209) 555-0100,2013-01-01,99999.00
Valentin,Tirlea,valentin@example.com,(210) 555-0100,2013-01-01,99999.00
Dhaatri,Chavva,dhaatri@example.com,(207) 555-0100,2013-01-01,99999.00
Edgar,Jogi,edgar@example.com,(209) 555-0100,2013-01-01,99999.00
Rani,Ganguly,rani@example.com,(209) 555-0100,2013-01-01,99999.00
Bhagavati,Vinjamuri,bhagavati@example.com,(319) 555-0100,2013-01-01,99999.00
Be,Trang,be@example.com,(405) 555-0100,2016-05-31,99999.00
Ingrida,Zeltina,ingrida@example.com,(239) 555-0100,2013-01-01,99999.00
Phoung,Cu,phoung@example.com,(208) 555-0100,2013-01-01,99999.00
Sara,Walkky,sara@example.com,(303) 555-0100,2013-01-01,99999.00
Meera,Patel,meera@example.com,(217) 555-0100,2016-05-31,99999.00
Anca,Gogean,anca@example.com,(209) 555-0100,2013-01-01,99999.00
Staffan,Persson,staffan@example.com,(314) 555-0100,2013-01-01,99999.00
Isidora,Urias,isidora@example.com,(239) 555-0100,2016-05-31,99999.00
Dhanishta,Mokkapati,dhanishta@example.com,(907) 555-0100,2013-01-01,99999.00
Lakshmi,Benipal,lakshmi@example.com,(209) 555-0100,2013-01-01,99999.00
Kumar,Kamei,kumar@example.com,(304) 555-0100,2013-01-01,99999.00
Emil,Roman,emil@example.com,(210) 555-0100,2013-01-01,99999.00
Prabodh,Nair,prabodh@example.com,(605) 555-0100,2013-01-01,99999.00
Alinne,Matos,alinne@example.com,(229) 555-0100,2013-01-01,99999.00
Mauno,Laurila,mauno@example.com,(216) 555-0100,2013-01-01,99999.00
Baalaamjali,Devulapalli,baalaamjali@example.com,(505) 555-0100,2013-01-01,99999.00
Melani,Ravlen,melani@example.com,(405) 555-0100,2013-01-01,99999.00
Om,Yadav,om@example.com,(262) 555-0100,2013-01-01,99999.00
Mahmut,ozbek,mahmut@example.com,(339) 555-0100,2013-01-01,99999.00
Yves,Belisle,yves@example.com,(480) 555-0100,2016-05-31,99999.00
Sabine,Alksne,sabine@example.com,(479) 555-0100,2013-01-01,99999.00
Kamala,Nishad,kamala@example.com,(201) 555-0100,2013-01-01,99999.00
Roko,Ilic,roko@example.com,(262) 555-0100,2013-01-01,99999.00
Neil,Farrelly,neil@example.com,(215) 555-0100,2016-05-31,99999.00
Akhil,Nadar,akhil@example.com,(479) 555-0100,2013-01-01,99999.00
Maksims,Krastins,maksims@example.com,(304) 555-0100,2016-05-31,99999.00
Milinka,Zujovic,milinka@example.com,(316) 555-0100,2013-01-01,99999.00
Andris,Saulitis,andris@example.com,(210) 555-0100,2013-01-01,99999.00
Valter,Viiding,valter@example.com,(216) 555-0100,2016-05-31,99999.00
Amarakumaar,Gadiyaram,amarakumaar@example.com,(303) 555-0100,2013-01-01,99999.00
Gasper,Havzija,gasper@example.com,(314) 555-0100,2013-01-01,99999.00
Libuse,Kuchtova,libuse@example.com,(210) 555-0100,2016-05-31,99999.00
Kumar,Naicker,kumar@example.com,(262) 555-0100,2013-01-01,99999.00
Laszlo,Gardenier,laszlo@example.com,(215) 555-0100,2016-05-31,99999.00
Nada,Ana Slosar,nada ana@example.com,(239) 555-0100,2013-01-01,99999.00
Mahavir,Sonkar,mahavir@example.com,(505) 555-0100,2013-01-01,99999.00
Kristi,Part,kristi@example.com,(702) 555-0100,2013-01-01,99999.00
Krishnam,Allu,krishnam@example.com,(405) 555-0100,2013-01-01,99999.00
Dinh,Mai,dinh@example.com,(210) 555-0100,2013-01-27,99999.00
Stefan,Selezeanu,stefan@example.com,(212) 555-0100,2016-05-31,99999.00
Hue,Ton,hue@example.com,(252) 555-0100,2013-03-25,99999.00
Drishti,Bose,drishti@example.com,(479) 555-0100,2013-04-01,99999.00
Bhadram,Kamasamudram,bhadram@example.com,(802) 555-0100,2013-04-06,99999.00
Taj,Syme,taj@example.com,(216) 555-0100,2013-04-10,99999.00
Irma,Berzina,irma@example.com,(458) 555-0100,2013-04-13,99999.00
Vedrana,Kovacevic,vedrana@example.com,(479) 555-0100,2013-04-14,99999.00
Bhagavateeprasaad,Malladi,bhagavateeprasaad@example.com,(479) 555-0100,2013-05-03,99999.00
Serdar,ozCelik,serdar@example.com,(210) 555-0100,2013-05-06,99999.00
Rajeev,Sandhu,rajeev@example.com,(458) 555-0100,2013-06-11,99999.00
Urve,Kasesalu,urve@example.com,(319) 555-0100,2013-06-16,99999.00
Annette, Hetu,annette @example.com,(405) 555-0100,2013-06-22,99999.00
Narendra,Tickoo,narendra@example.com,(803) 555-0100,2013-07-18,99999.00
Isa,Hulsegge,isa@example.com,(252) 555-0100,2013-08-01,99999.00
Aive,Petrov,aive@example.com,(316) 555-0100,2016-05-31,99999.00
David,Novacek ,david@example.com,(423) 555-0100,2016-05-31,99999.00
Nils,Kaulins,nils@example.com,(406) 555-0100,2016-05-31,99999.00
Dhanishta,Pullela,dhanishta@example.com,(304) 555-0100,2013-10-03,99999.00
Hai,Banh,hai@example.com,(252) 555-0100,2013-10-23,99999.00
Fabrice,Cloutier,fabrice@example.com,(252) 555-0100,2013-11-19,99999.00
Nadir,Seddigh,nadir@example.com,(907) 555-0100,2013-11-25,99999.00
Farzana,Habibi,farzana@example.com,(219) 555-0100,2013-12-01,99999.00
Arka,Chatterjee,arka@example.com,(303) 555-0100,2013-12-26,99999.00
Tuulikki,Linna,tuulikki@example.com,(217) 555-0100,2014-01-15,99999.00
Daniella,Cavalcante,daniella@example.com,(405) 555-0100,2014-01-17,99999.00
Serdar,ozden,serdar@example.com,(319) 555-0100,2014-02-22,99999.00
Emma,Van Zant,emma@example.com,(303) 555-0100,2014-05-14,99999.00
Veronika,Necesana,veronika@example.com,(218) 555-0100,2014-05-18,99999.00
Chompoo,Atitarn,chompoo@example.com,(603) 555-0100,2014-06-18,99999.00
Dipti,Shah,dipti@example.com,(216) 555-0100,2014-08-03,99999.00
Som,Mukherjee,som@example.com,(385) 555-0100,2014-08-25,99999.00
Cuneyt,Arslan,cuneyt@example.com,(405) 555-0100,2014-08-26,99999.00
Aishwarya,Dantuluri,aishwarya@example.com,(209) 555-0100,2014-09-03,99999.00
Manjunatha,Karnik,manjunatha@example.com,(405) 555-0100,2014-11-08,99999.00
Erik,Malk,erik@example.com,(406) 555-0100,2014-11-13,99999.00
David,Jaramillo,david@example.com,(803) 555-0100,2016-05-31,99999.00
Damodara,Trivedi,damodara@example.com,(210) 555-0100,2014-12-03,99999.00
Bhaamini,Palagummi,bhaamini@example.com,(212) 555-0100,2015-01-13,99999.00
Damodar,Shenoy,damodar@example.com,(229) 555-0100,2015-01-16,99999.00
Tomo,Vidovic,tomo@example.com,(207) 555-0100,2015-01-18,99999.00
Nguyen,Banh,nguyen@example.com,(239) 555-0100,2015-01-22,99999.00
Raj,Verma,raj@example.com,(203) 555-0100,2015-01-30,99999.00
Hanita,Nookala,hanita@example.com,(225) 555-0100,2015-02-12,99999.00
Matteo,Cattaneo,matteo@example.com,(229) 555-0100,2015-02-22,99999.00
Christian,Couet,christian@example.com,(212) 555-0100,2015-06-12,99999.00
Ivana,Hadrabova,ivana@example.com,(603) 555-0100,2015-07-28,99999.00
Abhra,Ganguly,abhra@example.com,(212) 555-0100,2015-08-09,99999.00
Amet,Shergill,amet@example.com,(303) 555-0100,2015-08-13,99999.00
Amrita,Ganguly,amrita@example.com,(787) 555-0100,2015-09-23,99999.00
Sylvie,Laramee,sylvie@example.com,(787) 555-0100,2015-09-24,99999.00
Ian,Olofsson,ian@example.com,(339) 555-0100,2015-09-26,99999.00
Luis,Saucedo,luis@example.com,(210) 555-0100,2015-11-27,99999.00
Emma,Salpa,emma@example.com,(205) 555-0100,2015-11-29,99999.00
Adriana,Pena,adriana@example.com,(252) 555-0100,2015-11-30,99999.00
Kalyani,Benjaree,kalyani@example.com,(212) 555-0100,2015-12-20,99999.00
Ganesh,Majumdar,ganesh@example.com,(217) 555-0100,2016-01-09,99999.00
Jaroslav,Fisar,jaroslav@example.com,(215) 555-0100,2016-02-01,99999.00
Jibek,Juniskyzy,jibek@example.com,(217) 555-0100,2016-03-13,99999.00
Anand,Mudaliyar,anand@example.com,(206) 555-0100,2016-04-23,99999.00
Agrita,Abele,agrita@example.com,(206) 555-0100,2016-05-07,99999.00
